Дата,Заражений,Выздоровлений,Смертей,Заражений за день,Выздоровлений за день,Население страны,I,R,S,Инфицированные_I,Восприимчивые_S,Инфицированные норм
2020-08-03,307244,255647.0,41293,939,0.0,63181775,10304.0,296940.0,62874531,10304.0,62874531,16.30850035473046
2020-08-04,307915,256074.0,41311,671,427.0,63181775,10530.0,297385.0,62873860,10530.0,62873860,16.66619844092699
2020-08-05,308823,256623.0,41325,908,549.0,63181775,10875.0,297948.0,62872952,10875.0,62872952,17.21224197958984
2020-08-06,309786,257384.0,41343,963,761.0,63181775,11059.0,298727.0,62871989,11059.0,62871989,17.50346520021003
2020-08-07,310687,258140.0,41355,901,756.0,63181775,11192.0,299495.0,62871088,11192.0,62871088,17.713968941201795
2020-08-08,311453,258907.0,41358,766,767.0,63181775,11188.0,300265.0,62870322,11188.0,62870322,17.707638001623096
2020-08-09,312566,259653.0,41363,1113,746.0,63181775,11550.0,301016.0,62869209,11550.0,62869209,18.28058803349542
2020-08-10,313384,260323.0,41381,818,670.0,63181775,11680.0,301704.0,62868391,11680.0,62868391,18.48634356980316
2020-08-11,314534,260860.0,41394,1150,537.0,63181775,12280.0,302254.0,62867241,12280.0,62867241,19.435984506608115
2020-08-12,315569,261644.0,41414,1035,784.0,63181775,12511.0,303058.0,62866206,12511.0,62866206,19.801596267278025
2020-08-13,316719,262474.0,41432,1150,830.0,63181775,12813.0,303906.0,62865056,12813.0,62865056,20.279582205469854
2020-08-14,318178,263346.0,41443,1459,872.0,63181775,13389.0,304789.0,62863597,13389.0,62863597,21.19123750480261
2020-08-15,319223,264112.0,41446,1045,766.0,63181775,13665.0,305558.0,62862552,13665.0,62862552,21.62807233573289
2020-08-16,320336,264854.0,41451,1113,742.0,63181775,14031.0,306305.0,62861439,14031.0,62861439,22.207353307183915
2020-08-17,321055,265790.0,41454,719,936.0,63181775,13811.0,307244.0,62860720,13811.0,62860720,21.85915163035543
2020-08-18,322170,266449.0,41466,1115,659.0,63181775,14255.0,307915.0,62859605,14255.0,62859605,22.5618859235911
2020-08-19,322998,267340.0,41483,828,891.0,63181775,14175.0,308823.0,62858777,14175.0,62858777,22.435267132017106
2020-08-20,324194,268297.0,41489,1196,957.0,63181775,14408.0,309786.0,62857581,14408.0,62857581,22.80404436247636
2020-08-21,325255,269196.0,41491,1061,899.0,63181775,14568.0,310687.0,62856520,14568.0,62856520,23.05728194562435
2020-08-22,326587,269944.0,41509,1332,748.0,63181775,15134.0,311453.0,62855188,15134.0,62855188,23.95310989601036
2020-08-23,327637,271051.0,41515,1050,1107.0,63181775,15071.0,312566.0,62854138,15071.0,62854138,23.85339759764584
2020-08-24,328612,271865.0,41519,975,814.0,63181775,15228.0,313384.0,62853163,15228.0,62853163,24.101886976109803
2020-08-25,329809,272999.0,41535,1197,1134.0,63181775,15275.0,314534.0,62851966,15275.0,62851966,24.176275516159524
2020-08-26,330955,274017.0,41552,1146,1018.0,63181775,15386.0,315569.0,62850820,15386.0,62850820,24.351959089468444
2020-08-27,332499,275155.0,41564,1544,1138.0,63181775,15780.0,316719.0,62849276,15780.0,62849276,24.975556637970364
2020-08-28,333796,276605.0,41573,1297,1450.0,63181775,15618.0,318178.0,62847979,15618.0,62847979,24.719153585033027
2020-08-29,334907,277638.0,41585,1111,1033.0,63181775,15684.0,319223.0,62846868,15684.0,62846868,24.82361408808157
2020-08-30,336661,278750.0,41586,1754,1112.0,63181775,16325.0,320336.0,62845114,16325.0,62845114,25.8381471555682
2020-08-31,338076,279466.0,41589,1415,716.0,63181775,17021.0,321055.0,62843699,17021.0,62843699,26.93973064226195
2020-09-01,339403,280578.0,41592,1327,1112.0,63181775,17233.0,322170.0,62842372,17233.0,62842372,27.275270439933035
2020-09-02,340918,281396.0,41602,1515,818.0,63181775,17920.0,322998.0,62840857,17920.0,62840857,28.36260931257471
2020-09-03,342698,282578.0,41616,1780,1182.0,63181775,18504.0,324194.0,62839077,18504.0,62839077,29.286926491064868
2020-09-04,344680,283629.0,41626,1982,1051.0,63181775,19425.0,325255.0,62837095,19425.0,62837095,30.744625329060476
2020-09-05,346507,284949.0,41638,1827,1320.0,63181775,19920.0,326587.0,62835268,19920.0,62835268,31.528079101924565
2020-09-06,349499,285997.0,41640,2992,1048.0,63181775,21862.0,327637.0,62832276,21862.0,62832276,34.601750267383274
2020-09-07,352450,286969.0,41643,2951,972.0,63181775,23838.0,328612.0,62829325,23838.0,62829325,37.72923441926093
2020-09-08,354932,288134.0,41675,2482,1165.0,63181775,25123.0,329809.0,62826843,25123.0,62826843,39.76304875891822
2020-09-09,357611,289272.0,41683,2679,1138.0,63181775,26656.0,330955.0,62824164,26656.0,62824164,42.18938135245488
2020-09-10,360545,290802.0,41697,2934,1530.0,63181775,28046.0,332499.0,62821230,28046.0,62821230,44.38938285605303
2020-09-11,364088,292093.0,41703,3543,1291.0,63181775,30292.0,333796.0,62817687,30292.0,62817687,47.94420542949292
2020-09-12,367593,293195.0,41712,3505,1102.0,63181775,32686.0,334907.0,62814182,32686.0,62814182,51.733272767344694
2020-09-13,370932,294944.0,41717,3339,1749.0,63181775,34271.0,336661.0,62810843,34271.0,62810843,54.24190757540446
2020-09-14,373559,296350.0,41726,2627,1406.0,63181775,35483.0,338076.0,62808216,35483.0,62808216,56.16018226775047
2020-09-15,376669,297650.0,41753,3110,1300.0,63181775,37266.0,339403.0,62805106,37266.0,62805106,58.98219858495587
2020-09-16,380678,299145.0,41773,4009,1495.0,63181775,39760.0,340918.0,62801097,39760.0,62801097,62.92953941227514
2020-09-17,384086,300904.0,41794,3408,1759.0,63181775,41388.0,342698.0,62797689,41388.0,62797689,65.50623182080592
2020-09-18,388417,302859.0,41821,4331,1955.0,63181775,43737.0,344680.0,62793358,43737.0,62793358,69.22407608839733
2020-09-19,392847,304659.0,41848,4430,1800.0,63181775,46340.0,346507.0,62788928,46340.0,62788928,73.34393501923617
2020-09-20,396748,307633.0,41866,3901,2974.0,63181775,47249.0,349499.0,62785027,47249.0,62785027,74.78264103849567
2020-09-21,401121,310573.0,41877,4373,2940.0,63181775,48671.0,352450.0,62780654,48671.0,62780654,77.03329005872342
2020-09-22,406058,313018.0,41914,4937,2445.0,63181775,51126.0,354932.0,62775717,51126.0,62775717,80.91890422515037
2020-09-23,412245,315660.0,41951,6187,2642.0,63181775,54634.0,357611.0,62769530,54634.0,62769530,86.47113823567001
2020-09-24,418890,318554.0,41991,6645,2894.0,63181775,58345.0,360545.0,62762885,58345.0,62762885,92.34466742980868
2020-09-25,425767,322063.0,42025,6877,3509.0,63181775,61679.0,364088.0,62756008,61679.0,62756008,97.62150556865488
2020-09-26,431817,325533.0,42060,6050,3470.0,63181775,64224.0,367593.0,62749958,64224.0,62749958,101.64956587560258
2020-09-27,437522,328855.0,42077,5705,3322.0,63181775,66590.0,370932.0,62744253,66590.0,62744253,105.39431663640346
2020-09-28,441571,331469.0,42090,4049,2614.0,63181775,68012.0,373559.0,62740204,68012.0,62740204,107.6449656566312
2020-09-29,448728,334507.0,42162,7157,3038.0,63181775,72059.0,376669.0,62733047,72059.0,62733047,114.05029377538064
2020-09-30,455847,338445.0,42233,7119,3938.0,63181775,75169.0,380678.0,62725928,75169.0,62725928,118.97259929781967
2020-10-01,462780,341794.0,42292,6933,3349.0,63181775,78694.0,384086.0,62718995,78694.0,62718995,124.55173980154879
2020-10-02,469768,346059.0,42358,6988,4265.0,63181775,81351.0,388417.0,62712007,81351.0,62712007,128.75706641670007
2020-10-03,482652,350440.0,42407,12884,4381.0,63181775,89805.0,392847.0,62699123,89805.0,62699123,142.1375072162819
2020-10-04,505621,354308.0,42440,22969,3868.0,63181775,108873.0,396748.0,62676154,108873.0,62676154,172.31709618794343
2020-10-05,518218,358662.0,42459,12597,4354.0,63181775,117097.0,401121.0,62663557,117097.0,62663557,185.33350796175006
2020-10-06,532770,363523.0,42535,14552,4861.0,63181775,126712.0,406058.0,62649005,126712.0,62649005,200.55150397404947
2020-10-07,546946,369640.0,42605,14176,6117.0,63181775,134701.0,412245.0,62634829,134701.0,62634829,213.19597304760748
2020-10-08,564500,376208.0,42682,17554,6568.0,63181775,145610.0,418890.0,62617275,145610.0,62617275,230.46202801361628
2020-10-09,578392,382998.0,42769,13892,6790.0,63181775,152625.0,425767.0,62603383,152625.0,62603383,241.5649132997609
2020-10-10,593569,388967.0,42850,15177,5969.0,63181775,161752.0,431817.0,62588206,161752.0,62588206,256.01053468345896
2020-10-11,606460,394607.0,42915,12891,5640.0,63181775,168938.0,437522.0,62575315,168938.0,62575315,267.384067636593
2020-10-12,620443,398606.0,42965,13983,3999.0,63181775,178872.0,441571.0,62561332,178872.0,62561332,283.10695608029374
2020-10-13,637692,405620.0,43108,17249,7014.0,63181775,188964.0,448728.0,62544083,188964.0,62544083,299.0799166373531
2020-10-14,657454,412602.0,43245,19762,6982.0,63181775,201607.0,455847.0,62524321,201607.0,62524321,319.0904339107282
2020-10-15,676452,419397.0,43383,18998,6795.0,63181775,213672.0,462780.0,62505323,213672.0,62505323,338.1861304149812
2020-10-16,692110,426249.0,43519,15658,6852.0,63181775,222342.0,469768.0,62489665,222342.0,62489665,351.90844195181285
2020-10-17,708298,438983.0,43669,16188,12734.0,63181775,225646.0,482652.0,62473477,225646.0,62473477,357.1377980438188
2020-10-18,725292,461885.0,43736,16994,22902.0,63181775,219671.0,505621.0,62456483,219671.0,62456483,347.6809570481361
2020-10-19,744113,474402.0,43816,18821,12517.0,63181775,225895.0,518218.0,62437662,225895.0,62437662,357.5318990325929
2020-10-20,765484,488713.0,44057,21371,14311.0,63181775,232714.0,532770.0,62416291,232714.0,62416291,368.3245682793812
2020-10-21,792189,502698.0,44248,26705,13985.0,63181775,245243.0,546946.0,62389586,245243.0,62389586,388.15465377476335
2020-10-22,813444,520063.0,44437,21255,17365.0,63181775,248944.0,564500.0,62368331,248944.0,62368331,394.01235561995526
2020-10-23,834000,533731.0,44661,20556,13668.0,63181775,255608.0,578392.0,62347775,255608.0,62347775,404.559700958069
2020-10-24,857042,548734.0,44835,23042,15003.0,63181775,263473.0,593569.0,62324733,263473.0,62324733,417.0079109046873
2020-10-25,876846,561474.0,44986,19804,12740.0,63181775,270386.0,606460.0,62304929,270386.0,62304929,427.9493572315751
2020-10-26,897751,575355.0,45088,20905,13881.0,63181775,277308.0,620443.0,62284024,277308.0,62284024,438.9050481725149
2020-10-27,920655,592237.0,45455,22904,16882.0,63181775,282963.0,637692.0,62261120,282963.0,62261120,447.85541400190164
2020-10-28,945369,611689.0,45765,24714,19452.0,63181775,287915.0,657454.0,62236406,287915.0,62236406,455.6931172003319
2020-10-29,968449,630407.0,46045,23080,18718.0,63181775,291997.0,676452.0,62213326,291997.0,62213326,462.153841040395
2020-10-30,992867,645791.0,46319,24418,15384.0,63181775,300757.0,692110.0,62188908,300757.0,62188908,476.01859871774735
2020-10-31,1014788,661653.0,46645,21921,15862.0,63181775,306490.0,708298.0,62166987,306490.0,62166987,485.0924178689187
2020-11-01,1038056,678485.0,46807,23268,16832.0,63181775,312764.0,725292.0,62143719,312764.0,62143719,495.02249659810917
2020-11-02,1057029,697170.0,46943,18973,18685.0,63181775,312916.0,744113.0,62124746,312916.0,62124746,495.2630723020998
2020-11-03,1077077,718144.0,47340,20048,20974.0,63181775,311593.0,765484.0,62104698,311593.0,62104698,493.16911403644485
2020-11-04,1102279,744357.0,47832,25202,26213.0,63181775,310090.0,792189.0,62079496,310090.0,62079496,490.79026348974844
2020-11-05,1126445,765234.0,48210,24166,20877.0,63181775,313001.0,813444.0,62055330,313001.0,62055330,495.3976047681471
2020-11-06,1149764,785435.0,48565,23319,20201.0,63181775,315764.0,834000.0,62032011,315764.0,62032011,499.770701282134
2020-11-07,1174762,808064.0,48978,24998,22629.0,63181775,317720.0,857042.0,62007013,317720.0,62007013,502.86653073611814
2020-11-08,1195358,827712.0,49134,20596,19648.0,63181775,318512.0,876846.0,61986417,318512.0,61986417,504.12005677270065
2020-11-09,1216733,848422.0,49329,21375,20710.0,63181775,318982.0,897751.0,61965042,318982.0,61965042,504.86394217319787
2020-11-10,1237166,870794.0,49861,20433,22372.0,63181775,316511.0,920655.0,61944609,316511.0,61944609,500.9530042484561
2020-11-11,1260167,894912.0,50457,23001,24118.0,63181775,314798.0,945369.0,61921608,314798.0,61921608,498.241779373878
2020-11-12,1293684,917429.0,51020,33517,22517.0,63181775,325235.0,968449.0,61888091,325235.0,61888091,514.7607834696003
2020-11-13,1321014,941471.0,51396,27330,24042.0,63181775,328147.0,992867.0,61860761,328147.0,61860761,519.3697074828937
2020-11-14,1347907,962930.0,51858,26893,21459.0,63181775,333119.0,1014788.0,61833868,333119.0,61833868,527.2390653792173
2020-11-15,1372897,986030.0,52026,24990,23100.0,63181775,334841.0,1038056.0,61808878,334841.0,61808878,529.9645348678475
2020-11-16,1394284,1004789.0,52240,21387,18759.0,63181775,337255.0,1057029.0,61787491,337255.0,61787491,533.7852569035929
2020-11-17,1414355,1024238.0,52839,20071,19449.0,63181775,337278.0,1077077.0,61767420,337278.0,61767420,533.8216598061704
2020-11-18,1433987,1048911.0,53368,19632,24673.0,63181775,331708.0,1102279.0,61747788,331708.0,61747788,525.005826442831
2020-11-19,1456919,1072575.0,53870,22932,23664.0,63181775,330474.0,1126445.0,61724856,330474.0,61724856,523.0527315828022
2020-11-20,1477203,1095383.0,54381,20284,22808.0,63181775,327439.0,1149764.0,61704572,327439.0,61704572,518.2491311774637
2020-11-21,1497125,1120041.0,54721,19922,24658.0,63181775,322363.0,1174762.0,61684650,322363.0,61684650,510.2151688520938
2020-11-22,1515805,1140238.0,55120,18680,20197.0,63181775,320447.0,1195358.0,61665970,320447.0,61665970,507.18264879389665
2020-11-23,1531278,1161406.0,55327,15473,21168.0,63181775,314545.0,1216733.0,61650497,314545.0,61650497,497.84134744552523
2020-11-24,1542599,1181231.0,55935,11321,19825.0,63181775,305433.0,1237166.0,61639176,305433.0,61639176,483.4194670852473
2020-11-25,1560846,1203537.0,56630,18247,22306.0,63181775,300679.0,1260167.0,61620929,300679.0,61620929,475.8951453959627
2020-11-26,1578410,1236556.0,57128,17564,33019.0,63181775,284726.0,1293684.0,61603365,284726.0,61603365,450.64577562121355
2020-11-27,1593194,1263366.0,57648,14784,26810.0,63181775,272180.0,1321014.0,61588581,272180.0,61588581,430.7887836326219
2020-11-28,1609110,1289780.0,58127,15916,26414.0,63181775,261203.0,1347907.0,61572665,261203.0,61572665,413.4151026937752
2020-11-29,1621304,1314555.0,58342,12194,24775.0,63181775,248407.0,1372897.0,61560471,248407.0,61560471,393.16242698151484
2020-11-30,1633679,1335739.0,58545,12375,21184.0,63181775,239395.0,1394284.0,61548096,239395.0,61548096,378.8988201107044
2020-12-01,1647165,1355207.0,59148,13486,19468.0,63181775,232810.0,1414355.0,61534610,232810.0,61534610,368.47651082927
2020-12-02,1663373,1374191.0,59796,16208,18984.0,63181775,229386.0,1433987.0,61518402,229386.0,61518402,363.057226549903
2020-12-03,1678298,1396709.0,60210,14925,22518.0,63181775,221379.0,1456919.0,61503477,221379.0,61503477,350.3842682482409
2020-12-04,1694679,1416489.0,60714,16381,19780.0,63181775,217476.0,1477203.0,61487096,217476.0,61487096,344.20685395432463
2020-12-05,1710295,1436014.0,61111,15616,19525.0,63181775,213170.0,1497125.0,61471480,213170.0,61471480,337.3915974978544
2020-12-06,1727639,1454463.0,61342,17344,18449.0,63181775,211834.0,1515805.0,61454136,211834.0,61454136,335.2770636785687
2020-12-07,1742405,1469747.0,61531,14766,15284.0,63181775,211127.0,1531278.0,61439370,211127.0,61439370,334.15807010803354
2020-12-08,1754821,1480469.0,62130,12416,10722.0,63181775,212222.0,1542599.0,61426954,212222.0,61426954,335.8911648177026
2020-12-09,1771444,1498183.0,62663,16623,17714.0,63181775,210598.0,1560846.0,61410331,210598.0,61410331,333.3208033487505
2020-12-10,1792522,1515231.0,63179,21078,17048.0,63181775,214112.0,1578410.0,61389253,214112.0,61389253,338.8825337686382
2020-12-11,1814281,1529591.0,63603,21759,14360.0,63181775,221087.0,1593194.0,61367494,221087.0,61367494,349.9221096589958
2020-12-12,1835826,1544987.0,64123,21545,15396.0,63181775,226716.0,1609110.0,61345949,226716.0,61345949,358.83132438112096
2020-12-13,1854353,1557037.0,64267,18527,12050.0,63181775,233049.0,1621304.0,61327422,233049.0,61327422,368.8547844690973
2020-12-14,1874725,1569179.0,64500,20372,12142.0,63181775,241046.0,1633679.0,61307050,241046.0,61307050,381.5119154218127
2020-12-15,1893323,1582159.0,65006,18598,12980.0,63181775,246158.0,1647165.0,61288452,246158.0,61288452,389.60285620339096
2020-12-16,1918585,1597755.0,65618,25262,15596.0,63181775,255212.0,1663373.0,61263190,255212.0,61263190,403.93293793977773
2020-12-17,1954080,1612148.0,66150,35495,14393.0,63181775,275782.0,1678298.0,61227695,275782.0,61227695,436.489794723241
2020-12-18,1982748,1628040.0,66639,28668,15892.0,63181775,288069.0,1694679.0,61199027,288069.0,61199027,455.93685837411186
2020-12-19,2009960,1643121.0,67174,27212,15081.0,63181775,299665.0,1710295.0,61171815,299665.0,61171815,474.2902522127623
2020-12-20,2046066,1660136.0,67503,36106,17015.0,63181775,318427.0,1727639.0,61135709,318427.0,61135709,503.9855243066533
2020-12-21,2079512,1674687.0,67718,33446,14551.0,63181775,337107.0,1742405.0,61102263,337107.0,61102263,533.551012139181
2020-12-22,2116521,1686412.0,68409,37009,11725.0,63181775,361700.0,1754821.0,61065254,361700.0,61065254,572.4752114039214
2020-12-23,2155880,1702289.0,69155,39359,15877.0,63181775,384436.0,1771444.0,61025895,384436.0,61025895,608.4602719692506
2020-12-24,2195066,1722792.0,69730,39186,20503.0,63181775,402544.0,1792522.0,60986709,402544.0,60986709,637.1204354420242
2020-12-25,2227935,1743980.0,70301,32869,21188.0,63181775,413654.0,1814281.0,60953840,413654.0,60953840,654.7046201218627
2020-12-26,2262772,1765313.0,70513,34837,21333.0,63181775,426946.0,1835826.0,60919003,426946.0,60919003,675.7423323418818
2020-12-27,2295208,1783493.0,70860,32436,18180.0,63181775,440855.0,1854353.0,60886567,440855.0,60886567,697.7565919919153
2020-12-28,2336655,1803508.0,71217,41447,20015.0,63181775,461930.0,1874725.0,60845120,461930.0,60845120,731.1127298971895
2020-12-29,2389942,1821648.0,71675,53287,18140.0,63181775,496619.0,1893323.0,60791833,496619.0,60791833,786.016220658568
2020-12-30,2440180,1845929.0,72656,50238,24281.0,63181775,521595.0,1918585.0,60741595,521595.0,60741595,825.5466073879691
2020-12-31,2496187,1880459.0,73621,56007,34530.0,63181775,542107.0,1954080.0,60685588,542107.0,60685588,858.0116655475412
2021-01-01,2549671,1908513.0,74235,53484,28054.0,63181775,566923.0,1982748.0,60632104,566923.0,60632104,897.2888146937942
2021-01-02,2607548,1935278.0,74682,57877,26765.0,63181775,597588.0,2009960.0,60574227,597588.0,60574227,945.8233802390009
2021-01-03,2662664,1970929.0,75137,55116,35651.0,63181775,616598.0,2046066.0,60519111,616598.0,60519111,975.9111705867713
2021-01-04,2721583,2003968.0,75544,58919,33039.0,63181775,642071.0,2079512.0,60460192,642071.0,60460192,1016.2281765588257
2021-01-05,2782676,2040100.0,76421,61093,36132.0,63181775,666155.0,2116521.0,60399099,666155.0,60399099,1054.3467637621766
2021-01-06,2845230,2078414.0,77466,62554,38314.0,63181775,689350.0,2155880.0,60336545,689350.0,60336545,1091.0582996441617
2021-01-07,2898028,2116434.0,78632,52798,38020.0,63181775,702962.0,2195066.0,60283747,702962.0,60283747,1112.6024870304768
2021-01-08,2966224,2147974.0,79961,68196,31540.0,63181775,738289.0,2227935.0,60215551,738289.0,60215551,1168.515762654658
2021-01-09,3026299,2181773.0,80999,60075,33799.0,63181775,763527.0,2262772.0,60155476,763527.0,60155476,1208.4608259264637
2021-01-10,3081319,2213641.0,81567,55020,31868.0,63181775,786111.0,2295208.0,60100456,786111.0,60100456,1244.2053107878023
2021-01-11,3127617,2254559.0,82096,46298,40918.0,63181775,790962.0,2336655.0,60054158,790962.0,60054158,1251.8831577618705
2021-01-12,3173273,2306602.0,83340,45656,52043.0,63181775,783331.0,2389942.0,60008502,783331.0,60008502,1239.805307780606
2021-01-13,3220936,2355271.0,84909,47663,48669.0,63181775,780756.0,2440180.0,59960839,780756.0,59960839,1235.7297654268182
2021-01-14,3269737,2410025.0,86162,48801,54754.0,63181775,773550.0,2496187.0,59912038,773550.0,59912038,1224.3245777757907
2021-01-15,3325623,2462223.0,87448,55886,52198.0,63181775,775952.0,2549671.0,59856152,775952.0,59856152,1228.1263069927998
2021-01-16,3367060,2518801.0,88747,41437,56578.0,63181775,759512.0,2607548.0,59814715,759512.0,59814715,1202.106145324344
2021-01-17,3405734,2573235.0,89429,38674,54434.0,63181775,743070.0,2662664.0,59776041,743070.0,59776041,1176.0828181860988
2021-01-18,3443344,2631552.0,90031,37610,58317.0,63181775,721761.0,2721583.0,59738431,721761.0,59738431,1142.3563203154706
2021-01-19,3476787,2691033.0,91643,33443,59481.0,63181775,694111.0,2782676.0,59704988,694111.0,59704988,1098.593700477709
2021-01-20,3515776,2751761.0,93469,38989,60728.0,63181775,670546.0,2845230.0,59665999,670546.0,59665999,1061.2965526846942
2021-01-21,3553757,2803263.0,94765,37981,51502.0,63181775,655729.0,2898028.0,59628018,655729.0,59628018,1037.8451697502958
2021-01-22,3594084,2870058.0,96166,40327,66795.0,63181775,627860.0,2966224.0,59587691,627860.0,59587691,993.7359309706003
2021-01-23,3627726,2928782.0,97517,33642,58724.0,63181775,601427.0,3026299.0,59554049,601427.0,59554049,951.899499499658
2021-01-24,3657825,2983190.0,98129,30099,54408.0,63181775,576506.0,3081319.0,59523950,576506.0,59523950,912.4561631894641
2021-01-25,3680056,3028894.0,98723,22231,45704.0,63181775,552439.0,3127617.0,59501719,552439.0,59501719,874.3644824793225
2021-01-26,3700254,3072914.0,100359,20198,44020.0,63181775,526981.0,3173273.0,59481521,526981.0,59481521,834.0712175306883
2021-01-27,3725610,3118851.0,102085,25356,45937.0,63181775,504674.0,3220936.0,59456165,504674.0,59456165,798.7651502351746
2021-01-28,3754419,3166413.0,103324,28809,47562.0,63181775,484682.0,3269737.0,59427356,484682.0,59427356,767.1231142208335
2021-01-29,3783592,3221050.0,104573,29173,54637.0,63181775,457969.0,3325623.0,59398183,457969.0,59398183,724.8435169793821
2021-01-30,3806947,3261284.0,105776,23355,40234.0,63181775,439887.0,3367060.0,59374828,439887.0,59374828,696.2245046138701
2021-01-31,3828131,3299367.0,106367,21184,38083.0,63181775,422397.0,3405734.0,59353644,422397.0,59353644,668.5424713060056
2021-02-01,3846807,3336570.0,106774,18676,37203.0,63181775,403463.0,3443344.0,59334968,403463.0,59334968,638.5749688102305
2021-02-02,3863721,3368563.0,108224,16914,31993.0,63181775,386934.0,3476787.0,59318054,386934.0,59318054,612.4139437361486
2021-02-03,3882972,3406230.0,109546,19251,37667.0,63181775,367196.0,3515776.0,59298803,367196.0,59298803,581.1739223850549
2021-02-04,3903704,3443295.0,110462,20732,37065.0,63181775,349947.0,3553757.0,59278071,349947.0,59278071,553.873328186807
2021-02-05,3922893,3482607.0,111477,19189,39312.0,63181775,328809.0,3594084.0,59258882,328809.0,59258882,520.4174779831684
2021-02-06,3941250,3515421.0,112305,18357,32814.0,63181775,313524.0,3627726.0,59240525,313524.0,59240525,496.2253751180621
2021-02-07,3957167,3545144.0,112681,15917,29723.0,63181775,299342.0,3657825.0,59224608,299342.0,59224608,473.7790288417823
2021-02-08,3971294,3567042.0,113014,14127,21898.0,63181775,291238.0,3680056.0,59210481,291238.0,59210481,460.9525452553367
2021-02-09,3983736,3586188.0,114066,12442,19146.0,63181775,283482.0,3700254.0,59198039,283482.0,59198039,448.67685341223796
2021-02-10,3996819,3610542.0,115068,13083,24354.0,63181775,271209.0,3725610.0,59184956,271209.0,59184956,429.2519480498926
2021-02-11,4010365,3638671.0,115748,13546,28129.0,63181775,255946.0,3754419.0,59171410,255946.0,59171410,405.0946653524691
2021-02-12,4025556,3667085.0,116507,15191,28414.0,63181775,241964.0,3783592.0,59156219,241964.0,59156219,382.9648660551243
2021-02-13,4038916,3689819.0,117128,13360,22734.0,63181775,231969.0,3806947.0,59142859,231969.0,59142859,367.1454307828484
2021-02-14,4049910,3710743.0,117388,10994,20924.0,63181775,221779.0,3828131.0,59131865,221779.0,59131865,351.0173622061109
2021-02-15,4059691,3729186.0,117621,9781,18443.0,63181775,212884.0,3846807.0,59122084,212884.0,59122084,336.9389353179774
2021-02-16,4070329,3745301.0,118420,10638,16115.0,63181775,206608.0,3863721.0,59111446,206608.0,59111446,327.0056911189975
2021-02-17,4083089,3763813.0,119159,12760,18512.0,63181775,200117.0,3882972.0,59098686,200117.0,59098686,316.73215891766256
2021-02-18,4095185,3784090.0,119614,12096,20277.0,63181775,191481.0,3903704.0,59086590,191481.0,59086590,303.0636603672499
2021-02-19,4107281,3802746.0,120147,12096,18656.0,63181775,184388.0,3922893.0,59074494,184388.0,59074494,291.8373217593206
2021-02-20,4117737,3820657.0,120593,10456,17911.0,63181775,176487.0,3941250.0,59064038,176487.0,59064038,279.332133356494
2021-02-21,4127575,3836357.0,120810,9838,15700.0,63181775,170408.0,3957167.0,59054200,170408.0,59054200,269.7106879317651
2021-02-22,4138231,3850306.0,120988,10656,13949.0,63181775,166937.0,3971294.0,59043544,166937.0,59043544,264.21701511234846
2021-02-23,4146758,3862200.0,121536,8527,11894.0,63181775,163022.0,3983736.0,59035017,163022.0,59035017,258.0206079996961
2021-02-24,4156704,3874841.0,121978,9946,12641.0,63181775,159885.0,3996819.0,59025071,159885.0,59025071,253.05556863510085
2021-02-25,4166724,3888063.0,122302,10020,13222.0,63181775,156359.0,4010365.0,59015051,156359.0,59015051,247.47484539647706
2021-02-26,4175311,3902908.0,122648,8587,14845.0,63181775,149755.0,4025556.0,59006464,149755.0,59006464,237.02246415204385
2021-02-27,4182769,3915977.0,122939,7458,13069.0,63181775,143853.0,4038916.0,58999006,143853.0,58999006,227.6811628036724
2021-02-28,4188823,3926827.0,123083,6054,10850.0,63181775,138913.0,4049910.0,58992952,138913.0,58992952,219.86245242397828
2021-03-01,4194287,3936504.0,123187,5464,9677.0,63181775,134596.0,4059691.0,58987488,134596.0,58987488,213.02978588366662
2021-03-02,4200697,3946799.0,123530,6410,10295.0,63181775,130368.0,4070329.0,58981078,130368.0,58981078,206.337982748981
2021-03-03,4207117,3959072.0,124017,6420,12273.0,63181775,124028.0,4083089.0,58974658,124028.0,58974658,196.30344351674196
2021-03-04,4213760,3970926.0,124259,6643,11854.0,63181775,118575.0,4095185.0,58968015,118575.0,58968015,187.67279013607958
2021-03-05,4219786,3982786.0,124495,6026,11860.0,63181775,112505.0,4107281.0,58961989,112505.0,58961989,178.06558932540278
2021-03-06,4225904,3993083.0,124654,6118,10297.0,63181775,108167.0,4117737.0,58955871,108167.0,58955871,171.19968535230294
2021-03-07,4231165,4002839.0,124736,5261,9756.0,63181775,103590.0,4127575.0,58950610,103590.0,58950610,163.9555077393758
2021-03-08,4235987,4013430.0,124801,4822,10591.0,63181775,97756.0,4138231.0,58945788,97756.0,58945788,154.72183236384225
2021-03-09,4241855,4021726.0,125032,5868,8296.0,63181775,95097.0,4146758.0,58939920,95097.0,58939920,150.51334027890164
2021-03-10,4247877,4031482.0,125222,6022,9756.0,63181775,91173.0,4156704.0,58933898,91173.0,58933898,144.30268855219722
2021-03-11,4254712,4041321.0,125403,6835,9839.0,63181775,87988.0,4166724.0,58927063,87988.0,58927063,139.26167791265758
2021-03-12,4261396,4049732.0,125579,6684,8411.0,63181775,86085.0,4175311.0,58920379,86085.0,58920379,136.24973340809117
2021-03-13,4267013,4057068.0,125701,5617,7336.0,63181775,84244.0,4182769.0,58914762,84244.0,58914762,133.33591846699463
2021-03-14,4271708,4063070.0,125753,4695,6002.0,63181775,82885.0,4188823.0,58910067,82885.0,58910067,131.1849817451314
2021-03-15,4276838,4068470.0,125817,5130,5400.0,63181775,82551.0,4194287.0,58904937,82551.0,58904937,130.65634829030998
2021-03-16,4282200,4074770.0,125927,5362,6300.0,63181775,81503.0,4200697.0,58899575,81503.0,58899575,128.99764212069067
2021-03-17,4287993,4081049.0,126068,5793,6279.0,63181775,80876.0,4207117.0,58893782,80876.0,58893782,128.00526734172948
2021-03-18,4294326,4087597.0,126163,6333,6548.0,63181775,80566.0,4213760.0,58887449,80566.0,58887449,127.51461952438025
2021-03-19,4299198,4093523.0,126263,4872,5926.0,63181775,79412.0,4219786.0,58882577,79412.0,58882577,125.68814345592538
2021-03-20,4304837,4099545.0,126359,5639,6022.0,63181775,78933.0,4225904.0,58876938,78933.0,58876938,124.93001344137609
2021-03-21,4310193,4104772.0,126393,5356,5227.0,63181775,79028.0,4231165.0,58871582,79028.0,58871582,125.08037325637021
2021-03-22,4315600,4109576.0,126411,5407,4804.0,63181775,79613.0,4235987.0,58866175,79613.0,58866175,126.00627316975505
2021-03-23,4321016,4115332.0,126523,5416,5756.0,63181775,79161.0,4241855.0,58860759,79161.0,58860759,125.29087699736198
2021-03-24,4326643,4121256.0,126621,5627,5924.0,63181775,78766.0,4247877.0,58855132,78766.0,58855132,124.66569671396537
2021-03-25,4332920,4128028.0,126684,6277,6772.0,63181775,78208.0,4254712.0,58848855,78208.0,58848855,123.78253064273677
2021-03-26,4339155,4134641.0,126755,6235,6613.0,63181775,77759.0,4261396.0,58842620,77759.0,58842620,123.07188267502772
2021-03-27,4343064,4140200.0,126813,3909,5559.0,63181775,76051.0,4267013.0,58838711,76051.0,58838711,120.36857147492294
2021-03-28,4347011,4144874.0,126834,3947,4674.0,63181775,75303.0,4271708.0,58834764,75303.0,58834764,119.18468577370611
2021-03-29,4351795,4149981.0,126857,4784,5107.0,63181775,74957.0,4276838.0,58829980,74957.0,58829980,118.63705950014858
2021-03-30,4355864,4155288.0,126912,4069,5307.0,63181775,73664.0,4282200.0,58825911,73664.0,58825911,116.59058328133389
2021-03-31,4359979,4161038.0,126955,4115,5750.0,63181775,71986.0,4287993.0,58821796,71986.0,58821796,113.93475412806937
2021-04-01,4364544,4167320.0,127006,4565,6282.0,63181775,70218.0,4294326.0,58817231,70218.0,58817231,111.13647883428409
2021-04-02,4367967,4172140.0,127058,3423,4820.0,63181775,68769.0,4299198.0,58813808,68769.0,58813808,108.84309597190013
2021-04-03,4371391,4177769.0,127068,3424,5629.0,63181775,66554.0,4304837.0,58810384,66554.0,58810384,105.33733818019516
2021-04-04,4373796,4183115.0,127078,2405,5346.0,63181775,63603.0,4310193.0,58807979,63603.0,58807979,100.66668750600945
2021-04-05,4376627,4188494.0,127106,2831,5379.0,63181775,61027.0,4315600.0,58805148,61027.0,58805148,96.58956241732683
2021-04-06,4379031,4193890.0,127126,2404,5396.0,63181775,58015.0,4321016.0,58802744,58015.0,58802744,91.82236491456595
2021-04-07,4381828,4199472.0,127171,2797,5582.0,63181775,55185.0,4326643.0,58799947,55185.0,58799947,87.3432251626359
2021-04-08,4384952,4205696.0,127224,3124,6224.0,63181775,52032.0,4332920.0,58796823,52032.0,58796823,82.35286203972585
2021-04-09,4380165,4211871.0,127284,-4787,6175.0,63181775,41010.0,4339155.0,58801610,41010.0,58801610,64.9079580306188
2021-04-10,4382878,4215740.0,127324,2713,3869.0,63181775,39814.0,4343064.0,58798897,39814.0,58798897,63.01500709658758
2021-04-11,4384608,4219680.0,127331,1730,3940.0,63181775,37597.0,4347011.0,58797167,37597.0,58797167,59.50608383509327
2021-04-12,4388294,4224449.0,127346,3686,4769.0,63181775,36499.0,4351795.0,58793481,36499.0,58793481,57.7682409207402
2021-04-13,4390798,4228495.0,127369,2504,4046.0,63181775,34934.0,4355864.0,58790977,34934.0,58790977,55.29126081057394
2021-04-14,4393328,4232572.0,127407,2530,4077.0,63181775,33349.0,4359979.0,58788447,33349.0,58788447,52.78262600251418
2021-04-15,4396095,4237106.0,127438,2767,4534.0,63181775,31551.0,4364544.0,58785680,31551.0,58785680,49.93686866188865
2021-04-16,4398902,4240495.0,127472,2807,3389.0,63181775,30935.0,4367967.0,58782873,30935.0,58782873,48.9619039667689
2021-04-17,4401175,4243883.0,127508,2273,3388.0,63181775,29784.0,4371391.0,58780600,29784.0,58780600,47.140176102998055
2021-04-18,4403059,4246278.0,127518,1884,2395.0,63181775,29263.0,4373796.0,58778716,29263.0,58778716,46.31557122287242
2021-04-19,4406113,4249103.0,127524,3054,2825.0,63181775,29486.0,4376627.0,58775662,29486.0,58775662,46.66852110438493
2021-04-20,4408644,4251474.0,127557,2531,2371.0,63181775,29613.0,4379031.0,58773131,29613.0,58773131,46.86952843600864
2021-04-21,4411066,4254251.0,127577,2422,2777.0,63181775,29238.0,4381828.0,58770709,29238.0,58770709,46.27600285050555
2021-04-22,4413832,4257355.0,127597,2766,3104.0,63181775,28880.0,4384952.0,58767943,28880.0,58767943,45.70938375821192
2021-04-23,4416530,4252527.0,127638,2698,0.0,63181775,36365.0,4380165.0,58765245,36365.0,58765245,57.55615444485376
2021-04-24,4418652,4255208.0,127670,2122,2681.0,63181775,35774.0,4382878.0,58763123,35774.0,58763123,56.620758122100874
2021-04-25,4420385,4256927.0,127681,1733,1719.0,63181775,35777.0,4384608.0,58761390,35777.0,58761390,56.6255063267849
2021-04-26,4422504,4260606.0,127688,2119,3679.0,63181775,34210.0,4388294.0,58759271,34210.0,58759271,54.14536074682929
2021-04-27,4425202,4263093.0,127705,2698,2487.0,63181775,34404.0,4390798.0,58756573,34404.0,58756573,54.45241131639622
2021-04-28,4427389,4265594.0,127734,2187,2501.0,63181775,34061.0,4393328.0,58754386,34061.0,58754386,53.909533247522724
2021-04-29,4429848,4268336.0,127759,2459,2742.0,63181775,33753.0,4396095.0,58751927,33753.0,58751927,53.42205089996285
2021-04-30,4432245,4271127.0,127775,2397,2791.0,63181775,33343.0,4398902.0,58749530,33343.0,58749530,52.77312959314612
2021-05-01,4434156,4273393.0,127782,1911,2266.0,63181775,32981.0,4401175.0,58747619,32981.0,58747619,52.2001795612738
2021-05-02,4435830,4275263.0,127796,1674,1870.0,63181775,32771.0,4403059.0,58745945,32771.0,58745945,51.86780523339207
2021-05-03,4437504,4278316.0,127797,1674,3053.0,63181775,31391.0,4406113.0,58744271,31391.0,58744271,49.68363107874067
2021-05-04,4439487,4280841.0,127803,1983,2525.0,63181775,30843.0,4408644.0,58742288,30843.0,58742288,48.8162923564588
2021-05-05,4441642,4283236.0,127830,2155,2395.0,63181775,30576.0,4411066.0,58740133,30576.0,58740133,48.3937021395806
2021-05-06,4444260,4285989.0,127843,2618,2753.0,63181775,30428.0,4413832.0,58737515,30428.0,58737515,48.15945737516871
2021-05-07,4446750,4288672.0,127858,2490,2683.0,63181775,30220.0,4416530.0,58735025,30220.0,58735025,47.83024851707633
2021-05-08,4448806,4290789.0,127863,2056,2117.0,63181775,30154.0,4418652.0,58732969,30154.0,58732969,47.72578801402778
2021-05-09,4450577,4292520.0,127865,1771,1731.0,63181775,30192.0,4420385.0,58731198,30192.0,58731198,47.78593194002543
2021-05-10,4452954,4294634.0,127870,2377,2114.0,63181775,30450.0,4422504.0,58728821,30450.0,58728821,48.19427754285156
2021-05-11,4455444,4297312.0,127890,2490,2678.0,63181775,30242.0,4425202.0,58726331,30242.0,58726331,47.86506868475917
2021-05-12,4457741,4299488.0,127901,2297,2176.0,63181775,30352.0,4427389.0,58724034,30352.0,58724034,48.03916952317341
2021-05-13,4460404,4301936.0,127912,2663,2448.0,63181775,30556.0,4429848.0,58721371,30556.0,58721371,48.3620474416871
2021-05-14,4462602,4304315.0,127930,2198,2379.0,63181775,30357.0,4432245.0,58719173,30357.0,58719173,48.04708319764679
2021-05-15,4464662,4306219.0,127937,2060,1904.0,63181775,30506.0,4434156.0,58717113,30506.0,58717113,48.28291069695335
2021-05-16,4466589,4307889.0,127941,1927,1670.0,63181775,30759.0,4435830.0,58715186,30759.0,58715186,48.68334262530611
2021-05-17,4468580,4309558.0,127946,1991,1669.0,63181775,31076.0,4437504.0,58713195,31076.0,58713195,49.18506958691806
2021-05-18,4466218,4311534.0,127953,-2362,1976.0,63181775,26731.0,4439487.0,58715557,26731.0,58715557,42.3080864695555
2021-05-19,4468364,4313686.0,127956,2146,2152.0,63181775,26722.0,4441642.0,58713411,26722.0,58713411,42.29384185550342
2021-05-20,4471063,4316297.0,127963,2699,2611.0,63181775,26803.0,4444260.0,58710712,26803.0,58710712,42.422043381972095
2021-05-21,4473772,4318778.0,127972,2709,2481.0,63181775,27022.0,4446750.0,58708003,27022.0,58708003,42.76866232390591
2021-05-22,4476296,4320828.0,127978,2524,2050.0,63181775,27490.0,4448806.0,58705479,27490.0,58705479,43.50938225461377
2021-05-23,4478391,4322594.0,127983,2095,1766.0,63181775,27814.0,4450577.0,58703384,27814.0,58703384,44.02218836048845
2021-05-24,4480757,4324968.0,127986,2366,2374.0,63181775,27803.0,4452954.0,58701018,27803.0,58701018,44.00477827664702
2021-05-25,4483175,4327443.0,128001,2418,2475.0,63181775,27731.0,4455444.0,58698600,27731.0,58698600,43.890821364230426
2021-05-26,4486166,4329731.0,128010,2991,2288.0,63181775,28425.0,4457741.0,58695609,28425.0,58695609,44.98923938113483
2021-05-27,4489550,4332384.0,128020,3384,2653.0,63181775,29146.0,4460404.0,58692225,29146.0,58692225,46.13039124019545
2021-05-28,4493580,4334572.0,128030,4030,2188.0,63181775,30978.0,4462602.0,58688195,30978.0,58688195,49.02996156723992
2021-05-29,4496821,4336625.0,128037,3241,2053.0,63181775,32159.0,4464662.0,58684954,32159.0,58684954,50.89917147785101
2021-05-30,4499935,4338546.0,128043,3114,1921.0,63181775,33346.0,4466589.0,58681840,33346.0,58681840,52.77787779783015
2021-05-31,4503229,4340535.0,128045,3294,1989.0,63181775,34649.0,4468580.0,58678546,34649.0,58678546,54.84018136559158
2021-06-01,4506331,4338173.0,128045,3102,0.0,63181775,40113.0,4466218.0,58675444,40113.0,58675444,63.48824483009539
2021-06-02,4510595,4340307.0,128057,4264,2134.0,63181775,42231.0,4468364.0,58671180,42231.0,58671180,66.84047733701688
2021-06-03,4515776,4342988.0,128075,5181,2681.0,63181775,44713.0,4471063.0,58665999,44713.0,58665999,70.76882534560005
2021-06-04,4521920,4345686.0,128086,6144,2698.0,63181775,48148.0,4473772.0,58659855,48148.0,58659855,76.20551970880844
2021-06-05,4527575,4348197.0,128099,5655,2511.0,63181775,51279.0,4476296.0,58654200,51279.0,58654200,81.16106266403564
2021-06-06,4532801,4350288.0,128103,5226,2091.0,63181775,54410.0,4478391.0,58648974,54410.0,58648974,86.11660561926283
2021-06-07,4538391,4352653.0,128104,5590,2365.0,63181775,57634.0,4480757.0,58643384,57634.0,58643384,91.2193429196948
2021-06-08,4544370,4355057.0,128118,5979,2404.0,63181775,61195.0,4483175.0,58637405,61195.0,58637405,96.85546187963222
2021-06-09,4551689,4358042.0,128124,7319,2985.0,63181775,65523.0,4486166.0,58630086,65523.0,58630086,103.7055385037853
2021-06-10,4558927,4361419.0,128131,7238,3377.0,63181775,69377.0,4489550.0,58622848,69377.0,58622848,109.80539878786249
2021-06-11,4566895,4365432.0,128148,7968,4013.0,63181775,73315.0,4493580.0,58614880,73315.0,58614880,116.03820880309235
2021-06-12,4574453,4368661.0,128160,7558,3229.0,63181775,77632.0,4496821.0,58607322,77632.0,58607322,122.87087534340401
2021-06-13,4581778,4371767.0,128168,7325,3106.0,63181775,81843.0,4499935.0,58599997,81843.0,58599997,129.53577198488014
2021-06-14,4589397,4375058.0,128171,7619,3291.0,63181775,86168.0,4503229.0,58592378,86168.0,58592378,136.38110040434918
2021-06-15,4596992,4378150.0,128181,7595,3092.0,63181775,90661.0,4506331.0,58584783,90661.0,58584783,143.49232828612364
2021-06-16,4605811,4382405.0,128190,8819,4255.0,63181775,95216.0,4510595.0,58575964,95216.0,58575964,150.70168573136795
2021-06-17,4616623,4387567.0,128209,10812,5162.0,63181775,100847.0,4515776.0,58565152,100847.0,58565152,159.61406592328245
2021-06-18,4626912,4393700.0,128220,10289,6133.0,63181775,104992.0,4521920.0,58554863,104992.0,58554863,166.17450206171003
2021-06-19,4636990,4399341.0,128234,10078,5641.0,63181775,109415.0,4527575.0,58544785,109415.0,58544785,173.17493850085725
2021-06-20,4646067,4404561.0,128240,9077,5220.0,63181775,113266.0,4532801.0,58535708,113266.0,58535708,179.2700505802504
2021-06-21,4656542,4410146.0,128245,10475,5585.0,63181775,118151.0,4538391.0,58525233,118151.0,58525233,187.0017105407374
2021-06-22,4668030,4416098.0,128272,11488,5952.0,63181775,123660.0,4544370.0,58513745,123660.0,58513745,195.7209970755016
2021-06-23,4683984,4423398.0,128291,15954,7300.0,63181775,132295.0,4551689.0,58497791,132295.0,58497791,209.3879128910196
2021-06-24,4700708,4430615.0,128312,16724,7217.0,63181775,141781.0,4558927.0,58481067,141781.0,58481067,224.40173610190598
2021-06-25,4716039,4438565.0,128330,15331,7950.0,63181775,149144.0,4566895.0,58465736,149144.0,58465736,236.05541313139747
2021-06-26,4734015,4446100.0,128353,17976,7535.0,63181775,159562.0,4574453.0,58447760,159562.0,58447760,252.54434526412086
2021-06-27,4748673,4453414.0,128364,14658,7314.0,63181775,166895.0,4581778.0,58433102,166895.0,58433102,264.1505402467721
2021-06-28,4771347,4461030.0,128367,22674,7616.0,63181775,181950.0,4589397.0,58410428,181950.0,58410428,287.97861408610316
2021-06-29,4791597,4468602.0,128390,20250,7572.0,63181775,194605.0,4596992.0,58390178,194605.0,58390178,308.00812417821436
2021-06-30,4817245,4477407.0,128404,25648,8805.0,63181775,211434.0,4605811.0,58364530,211434.0,58364530,334.64396972069875
2021-07-01,4844879,4488197.0,128426,27634,10790.0,63181775,228256.0,4616623.0,58336896,228256.0,58336896,361.26873611892034
2021-07-02,4871745,4498459.0,128453,26866,10262.0,63181775,244833.0,4626912.0,58310030,244833.0,58310030,387.50573246794664
2021-07-03,4896279,4508519.0,128471,24534,10060.0,63181775,259289.0,4636990.0,58285496,259289.0,58285496,410.3857481053674
2021-07-04,4920252,4517581.0,128486,23973,9062.0,63181775,274185.0,4646067.0,58261523,274185.0,58261523,433.9621670964451
2021-07-05,4947404,4528047.0,128495,27152,10466.0,63181775,290862.0,4656542.0,58234371,290862.0,58234371,460.3574369349389
2021-07-06,4975843,4539498.0,128532,28439,11451.0,63181775,307813.0,4668030.0,58205932,307813.0,58205932,487.1863761345736
2021-07-07,5007979,4555419.0,128565,32136,15921.0,63181775,323995.0,4683984.0,58173796,323995.0,58173796,512.7981922002033
2021-07-08,5040082,4572107.0,128601,32103,16688.0,63181775,339374.0,4700708.0,58141693,339374.0,58141693,537.139072145409
2021-07-09,5075805,4587408.0,128631,35723,15301.0,63181775,359766.0,4716039.0,58105970,359766.0,58105970,569.4142021176201
2021-07-10,5107813,4605350.0,128665,32008,17942.0,63181775,373798.0,4734015.0,58073962,373798.0,58073962,591.6231381596988
2021-07-11,5139355,4619982.0,128691,31542,14632.0,63181775,390682.0,4748673.0,58042420,390682.0,58042420,618.3460341213902
2021-07-12,5173845,4642650.0,128697,34490,22668.0,63181775,402498.0,4771347.0,58007930,402498.0,58007930,637.0476296368691
2021-07-13,5210245,4662850.0,128747,36400,20200.0,63181775,418648.0,4791597.0,57971530,418648.0,57971530,662.6087981858693
2021-07-14,5252448,4688448.0,128797,42203,25598.0,63181775,435203.0,4817245.0,57929327,435203.0,57929327,688.8109743672127
2021-07-15,5301013,4716015.0,128864,48565,27567.0,63181775,456134.0,4844879.0,57880762,456134.0,57880762,721.9391984476537
2021-07-16,5353033,4742832.0,128913,52020,26817.0,63181775,481288.0,4871745.0,57828742,481288.0,57828742,761.7513119883067
2021-07-17,5407420,4767319.0,128960,54387,24487.0,63181775,511141.0,4896279.0,57774355,511141.0,57774355,809.0006967990374
2021-07-18,5455699,4791264.0,128988,48279,23945.0,63181775,535447.0,4920252.0,57726076,535447.0,57726076,847.4706511490061
2021-07-19,5495707,4818397.0,129007,40008,27133.0,63181775,548303.0,4947404.0,57686068,548303.0,57686068,867.8182909549471
2021-07-20,5542334,4846734.0,129109,46627,28337.0,63181775,566491.0,4975843.0,57639441,566491.0,57639441,896.6050732192947
2021-07-21,5586503,4878797.0,129182,44169,32063.0,63181775,578524.0,5007979.0,57595272,578524.0,57595272,915.650122206918
2021-07-22,5626513,4910816.0,129266,40010,32019.0,63181775,586431.0,5040082.0,57555262,586431.0,57555262,928.1648070191127
2021-07-23,5662651,4946475.0,129330,36138,35659.0,63181775,586846.0,5075805.0,57519124,586846.0,57519124,928.8216420004028
2021-07-24,5694455,4978395.0,129418,31804,31920.0,63181775,586642.0,5107813.0,57487320,586642.0,57487320,928.4987640818891
2021-07-25,5723536,5009909.0,129446,29081,31514.0,63181775,584181.0,5139355.0,57458239,584181.0,57458239,924.6036535060941
2021-07-26,5748230,5044385.0,129460,24694,34476.0,63181775,574385.0,5173845.0,57433545,574385.0,57433545,909.0991824778586
2021-07-27,5771599,5080654.0,129591,23369,36269.0,63181775,561354.0,5210245.0,57410176,561354.0,57410176,888.4745640653496
2021-07-28,5797332,5122730.0,129718,25733,42076.0,63181775,544884.0,5252448.0,57384443,544884.0,57384443,862.4069203500535
2021-07-29,5828224,5171204.0,129809,30892,48474.0,63181775,527211.0,5301013.0,57353551,527211.0,57353551,834.4352465564634
2021-07-30,5857556,5223156.0,129877,29332,51952.0,63181775,504523.0,5353033.0,57324219,504523.0,57324219,798.5261572660787
2021-07-31,5883411,5277472.0,129948,25855,54316.0,63181775,475991.0,5407420.0,57298364,475991.0,57298364,753.3675652512137
2021-08-01,5907641,5325686.0,130013,24230,48214.0,63181775,451942.0,5455699.0,57274134,451942.0,57274134,715.3043737691763
2021-08-02,5930003,5365669.0,130038,22362,39983.0,63181775,434296.0,5495707.0,57251772,434296.0,57251772,687.3754338177425
2021-08-03,5951686,5412157.0,130177,21683,46488.0,63181775,409352.0,5542334.0,57230089,409352.0,57230089,647.8956946049711
2021-08-04,5980830,5456205.0,130298,29144,44048.0,63181775,394327.0,5586503.0,57200945,394327.0,57200945,624.1151028124804
2021-08-05,6010860,5496125.0,130388,30030,39920.0,63181775,384347.0,5626513.0,57170915,384347.0,57170915,608.3194085636245
2021-08-06,6042493,5532170.0,130481,31633,36045.0,63181775,379842.0,5662651.0,57139282,379842.0,57139282,601.1891878631141
2021-08-07,6070872,5563870.0,130585,28379,31700.0,63181775,376417.0,5694455.0,57110903,376417.0,57110903,595.7683208488523
2021-08-08,6098140,5592906.0,130630,27268,29036.0,63181775,374604.0,5723536.0,57083635,374604.0,57083635,592.8988224848067
2021-08-09,6123155,5617563.0,130667,25015,24657.0,63181775,374925.0,5748230.0,57058620,374925.0,57058620,593.4068803859974
2021-08-10,6146599,5640786.0,130813,23444,23223.0,63181775,375000.0,5771599.0,57035176,375000.0,57035176,593.525585503098
2021-08-11,6175995,5666411.0,130921,29396,25625.0,63181775,378663.0,5797332.0,57005780,378663.0,57005780,599.3231434222922
2021-08-12,6208867,5697209.0,131015,32872,30798.0,63181775,380643.0,5828224.0,56972908,380643.0,56972908,602.4569585137486
2021-08-13,6241384,5726441.0,131115,32517,29232.0,63181775,383828.0,5857556.0,56940391,383828.0,56940391,607.4979691532883
2021-08-14,6270663,5752201.0,131210,29279,25760.0,63181775,387252.0,5883411.0,56911112,387252.0,56911112,612.9172534326552
2021-08-15,6297179,5776372.0,131269,26516,24171.0,63181775,389538.0,5907641.0,56884596,389538.0,56884596,616.5353854018821
2021-08-16,6325482,5798707.0,131296,28303,22335.0,63181775,395479.0,5930003.0,56856293,395479.0,56856293,625.9384134111458
2021-08-17,6352222,5820220.0,131466,26740,21513.0,63181775,400536.0,5951686.0,56829553,400536.0,56829553,633.942303773517
2021-08-18,6386034,5849253.0,131577,33812,29033.0,63181775,405204.0,5980830.0,56795741,405204.0,56795741,641.3305102618596
2021-08-19,6422475,5879170.0,131690,36441,29917.0,63181775,411615.0,6010860.0,56759300,411615.0,56759300,651.4774236716205
2021-08-20,6459589,5910688.0,131805,37114,31518.0,63181775,417096.0,6042493.0,56722186,417096.0,56722186,660.1523936293338
2021-08-21,6491525,5938963.0,131909,31936,28275.0,63181775,420653.0,6070872.0,56690250,420653.0,56690250,665.7821816496925
2021-08-22,6523594,5966182.0,131958,32069,27219.0,63181775,425454.0,6098140.0,56658181,425454.0,56658181,673.3808918790269
2021-08-23,6555372,5991156.0,131999,31778,24974.0,63181775,432217.0,6123155.0,56626403,432217.0,56626403,684.0849279717133
2021-08-24,6586148,6014426.0,132173,30776,23270.0,63181775,439549.0,6146599.0,56595627,439549.0,56595627,695.6895402194699
2021-08-25,6621763,6043672.0,132323,35615,29246.0,63181775,445768.0,6175995.0,56560012,445768.0,56560012,705.5325685294533
2021-08-26,6659880,6076403.0,132464,38117,32731.0,63181775,451013.0,6208867.0,56521895,451013.0,56521895,713.8340130520234
2021-08-27,6697720,6108819.0,132565,37840,32416.0,63181775,456336.0,6241384.0,56484055,456336.0,56484055,722.258910896378
2021-08-28,6729909,6137964.0,132699,32189,29145.0,63181775,459246.0,6270663.0,56451866,459246.0,56451866,726.8646694398819
2021-08-29,6762927,6164419.0,132760,33018,26455.0,63181775,465748.0,6297179.0,56418848,465748.0,56418848,737.1556117250584
2021-08-30,6789249,6192674.0,132808,26322,28255.0,63181775,463767.0,6325482.0,56392526,463767.0,56392526,734.0202138987073
2021-08-31,6821318,6219363.0,132859,32069,26689.0,63181775,469096.0,6352222.0,56360457,469096.0,56360457,742.4546081524301
2021-09-01,6856890,6252968.0,133066,35572,33605.0,63181775,470856.0,6386034.0,56324885,470856.0,56324885,745.2402215670579
2021-09-02,6894873,6289231.0,133244,37983,36263.0,63181775,472398.0,6422475.0,56286902,472398.0,56286902,747.6807987746466
2021-09-03,6937223,6326224.0,133365,42350,36993.0,63181775,477634.0,6459589.0,56244552,477634.0,56244552,755.9679986831645
2021-09-04,6973996,6358040.0,133485,36773,31816.0,63181775,482471.0,6491525.0,56207779,482471.0,56207779,763.6236873687072
2021-09-05,7010583,6390041.0,133553,36587,32001.0,63181775,486989.0,6523594.0,56171192,486989.0,56171192,770.7744836228485
2021-09-06,7051461,6421774.0,133598,40878,31733.0,63181775,496089.0,6555372.0,56130314,496089.0,56130314,785.1773711643904
2021-09-07,7089002,6452340.0,133808,37541,30566.0,63181775,502854.0,6586148.0,56092773,502854.0,56092773,795.8845727268663
2021-09-08,7127601,6487763.0,134000,38599,35423.0,63181775,505838.0,6621763.0,56054174,505838.0,56054174,800.6074536525763
2021-09-09,7165161,6525713.0,134167,37560,37950.0,63181775,505281.0,6659880.0,56016614,505281.0,56016614,799.7258703162423
2021-09-10,7202170,6563406.0,134314,37009,37693.0,63181775,504450.0,6697720.0,55979605,504450.0,55979605,798.4106176187674
2021-09-11,7231113,6595439.0,134470,28943,32033.0,63181775,501204.0,6729909.0,55950662,501204.0,55950662,793.2730601506527
2021-09-12,7259792,6628401.0,134526,28679,32962.0,63181775,496865.0,6762927.0,55921983,496865.0,55921983,786.4055734426581
2021-09-13,7290143,6654662.0,134587,30351,26261.0,63181775,500894.0,6789249.0,55891632,500894.0,55891632,792.7824123333033
2021-09-14,7316895,6686544.0,134774,26752,31882.0,63181775,495577.0,6821318.0,55864880,495577.0,55864880,784.3670108983168
2021-09-15,7346829,6721915.0,134975,29934,35371.0,63181775,489939.0,6856890.0,55834946,489939.0,55834946,775.4435515621395
2021-09-16,7373422,6759739.0,135134,26593,37824.0,63181775,478549.0,6894873.0,55808353,478549.0,55808353,757.4162011117921
2021-09-17,7405974,6801908.0,135315,32552,42169.0,63181775,468751.0,6937223.0,55775801,468751.0,55775801,741.9085646137672
2021-09-18,7435493,6838517.0,135479,29519,36609.0,63181775,461497.0,6973996.0,55746282,461497.0,55746282,730.4274056877953
2021-09-19,7464810,6875042.0,135541,29317,36525.0,63181775,454227.0,7010583.0,55716965,454227.0,55716965,718.9209230035085
2021-09-20,7500714,6915870.0,135591,35904,40828.0,63181775,449253.0,7051461.0,55681061,449253.0,55681061,711.0483996373954
2021-09-21,7531888,6953207.0,135795,31174,37337.0,63181775,442886.0,7089002.0,55649887,442886.0,55649887,700.9711265630002
2021-09-22,7565724,6991638.0,135963,33836,38431.0,63181775,438123.0,7127601.0,55616051,438123.0,55616051,693.4325602596634
2021-09-23,7601565,7029003.0,136158,35841,37365.0,63181775,436404.0,7165161.0,55580210,436404.0,55580210,690.7118389757173
2021-09-24,7637276,7065832.0,136338,35711,36829.0,63181775,435106.0,7202170.0,55544499,435106.0,55544499,688.6574490824293
2021-09-25,7667289,7094646.0,136467,30013,28814.0,63181775,436176.0,7231113.0,55514486,436176.0,55514486,690.3509754197314
2021-09-26,7700384,7123261.0,136531,33095,28615.0,63181775,440592.0,7259792.0,55481391,440592.0,55481391,697.3403327146159
2021-09-27,7737963,7153572.0,136571,37579,30311.0,63181775,447820.0,7290143.0,55443812,447820.0,55443812,708.7803405333262
2021-09-28,7772759,7180147.0,136748,34796,26575.0,63181775,455864.0,7316895.0,55409016,455864.0,55409016,721.5118600260914
2021-09-29,7808025,7209921.0,136908,35266,29774.0,63181775,461196.0,7346829.0,55373750,461196.0,55373750,729.9510024844981
2021-09-30,7843855,7236377.0,137045,35830,26456.0,63181775,470433.0,7373422.0,55337920,470433.0,55337920,744.5707247066105
2021-10-01,7878555,7268801.0,137173,34700,32424.0,63181775,472581.0,7405974.0,55303220,472581.0,55303220,747.9704392603721
2021-10-02,7908101,7298196.0,137297,29546,29395.0,63181775,472608.0,7435493.0,55273674,472608.0,55273674,748.0131731025284
2021-10-03,7937835,7327470.0,137340,29734,29274.0,63181775,473025.0,7464810.0,55243940,473025.0,55243940,748.6731735536079
2021-10-04,7972302,7363334.0,137380,34467,35864.0,63181775,471588.0,7500714.0,55209473,471588.0,55209473,746.3987835099599
2021-10-05,8005486,7394342.0,137546,33184,31008.0,63181775,473598.0,7531888.0,55176289,473598.0,55176289,749.5800806482565
2021-10-06,8044408,7428030.0,137694,38922,33688.0,63181775,478684.0,7565724.0,55137367,478684.0,55137367,757.6298703225732
2021-10-07,8084296,7463747.0,137818,39888,35717.0,63181775,482731.0,7601565.0,55097479,482731.0,55097479,764.0351984413227
2021-10-08,8119411,7499332.0,137944,35115,35585.0,63181775,482135.0,7637276.0,55062364,482135.0,55062364,763.0918884440964
2021-10-09,8158942,7529188.0,138101,39531,29856.0,63181775,491653.0,7667289.0,55022833,491653.0,55022833,778.1563591716124
2021-10-10,8192634,7562245.0,138139,33692,33057.0,63181775,492250.0,7700384.0,54989141,492250.0,54989141,779.1012519037333
2021-10-11,8232283,7599796.0,138167,39649,37551.0,63181775,494320.0,7737963.0,54949492,494320.0,54949492,782.3775131357104
2021-10-12,8270131,7634408.0,138351,37848,34612.0,63181775,497372.0,7772759.0,54911644,497372.0,54911644,787.2080200342583
2021-10-13,8311801,7669538.0,138487,41670,35130.0,63181775,503776.0,7808025.0,54869974,503776.0,54869974,797.3438542997566
2021-10-14,8356546,7705208.0,138647,44745,35670.0,63181775,512691.0,7843855.0,54825229,512691.0,54825229,811.4539358857835
2021-10-15,8400946,7739763.0,138792,44400,34555.0,63181775,522391.0,7878555.0,54780829,522391.0,54780829,826.8064643641303
2021-10-16,8443898,7769161.0,138940,42952,29398.0,63181775,535797.0,7908101.0,54737877,535797.0,54737877,848.0246083621424
2021-10-17,8488755,7798838.0,138997,44857,29677.0,63181775,550920.0,7937835.0,54693020,550920.0,54693020,871.9603081743113
2021-10-18,8537615,7833260.0,139042,48860,34422.0,63181775,565313.0,7972302.0,54644160,565313.0,54644160,894.7406115133675
2021-10-19,8581209,7866221.0,139265,43594,32961.0,63181775,575723.0,8005486.0,54600566,575723.0,54600566,911.2168817669336
2021-10-20,8630019,7904964.0,139444,48810,38743.0,63181775,585611.0,8044408.0,54551756,585611.0,54551756,926.8669644054793
2021-10-21,8681729,7944734.0,139562,51710,39770.0,63181775,597433.0,8084296.0,54500046,597433.0,54500046,945.5780563303263
2021-10-22,8730733,7979668.0,139743,49004,34934.0,63181775,611322.0,8119411.0,54451042,611322.0,54451042,967.5606612824663
2021-10-23,8775894,8019064.0,139878,45161,39396.0,63181775,616952.0,8158942.0,54405881,616952.0,54405881,976.4714587394861
2021-10-24,8814789,8052684.0,139950,38895,33620.0,63181775,622155.0,8192634.0,54366986,622155.0,54366986,984.7064283964799
2021-10-25,8851040,8092293.0,139990,36251,39609.0,63181775,618757.0,8232283.0,54330735,618757.0,54330735,979.3282952243744
2021-10-26,8894807,8129878.0,140253,43767,37585.0,63181775,624676.0,8270131.0,54286968,624676.0,54286968,988.6965030659553
2021-10-27,8938909,8171339.0,140462,44102,41461.0,63181775,627108.0,8311801.0,54242866,627108.0,54242866,992.5457143298048
2021-10-28,8978370,8215918.0,140628,39461,44579.0,63181775,621824.0,8356546.0,54203405,621824.0,54203405,984.1825431463425
2021-10-29,9021626,8260131.0,140815,43256,44213.0,63181775,620680.0,8400946.0,54160149,620680.0,54160149,982.3718944268343
2021-10-30,9062715,8302917.0,140981,41089,42786.0,63181775,618817.0,8443898.0,54119060,618817.0,54119060,979.4232593180549
2021-10-31,9100533,8347700.0,141055,37818,44783.0,63181775,611778.0,8488755.0,54081242,611778.0,54081242,968.2823883944382
2021-11-01,9140352,8396517.0,141098,39819,48817.0,63181775,602737.0,8537615.0,54041423,602737.0,54041423,953.9728822116821
2021-11-02,9174089,8439819.0,141390,33737,43302.0,63181775,592880.0,8581209.0,54007686,592880.0,54007686,938.3718643548714
2021-11-03,9215691,8488412.0,141607,41602,48593.0,63181775,585672.0,8630019.0,53966084,585672.0,53966084,926.9635112340544
2021-11-04,9252557,8539903.0,141826,36866,51491.0,63181775,570828.0,8681729.0,53929218,570828.0,53929218,903.4693944574998
2021-11-05,9286511,8588714.0,142019,33954,48811.0,63181775,555778.0,8730733.0,53895264,555778.0,53895264,879.6492342926422
2021-11-06,9317081,8633720.0,142174,30570,45006.0,63181775,541187.0,8775894.0,53864694,541187.0,53864694,856.5555494444403
2021-11-07,9347062,8672553.0,142236,29981,38833.0,63181775,532273.0,8814789.0,53834713,532273.0,53834713,842.447050593308
2021-11-08,9379205,8708747.0,142293,32143,36194.0,63181775,528165.0,8851040.0,53802570,528165.0,53802570,835.9451756459833
2021-11-09,9412197,8752251.0,142556,32992,43504.0,63181775,517390.0,8894807.0,53769578,517390.0,53769578,818.891207155861
2021-11-10,9451810,8796137.0,142772,39613,43886.0,63181775,512901.0,8938909.0,53729965,512901.0,53729965,811.7863102136653
2021-11-11,9495255,8835399.0,142971,43445,39262.0,63181775,516885.0,8978370.0,53686520,516885.0,53686520,818.0919260340502
2021-11-12,9534422,8878510.0,143116,39167,43111.0,63181775,512796.0,9021626.0,53647353,512796.0,53647353,811.6201230497244
2021-11-13,9572415,8919441.0,143274,37993,40931.0,63181775,509700.0,9062715.0,53609360,509700.0,53609360,806.7199758158108
2021-11-14,9608830,8957196.0,143337,36415,37755.0,63181775,508297.0,9100533.0,53572945,508297.0,53572945,804.4993987585818
2021-11-15,9649092,8996968.0,143384,40262,39772.0,63181775,508740.0,9140352.0,53532683,508740.0,53532683,805.2005503169229
2021-11-16,9686227,9030491.0,143598,37135,33523.0,63181775,512138.0,9174089.0,53495548,512138.0,53495548,810.5786834890283
2021-11-17,9724444,9071892.0,143799,38217,41401.0,63181775,508753.0,9215691.0,53457331,508753.0,53457331,805.2211258705537
2021-11-18,9772540,9108558.0,143999,48096,36666.0,63181775,519983.0,9252557.0,53409235,519983.0,53409235,822.9952387377531
2021-11-19,9817330,9142353.0,144158,44790,33795.0,63181775,530819.0,9286511.0,53364445,530819.0,53364445,840.1457540564506
2021-11-20,9857655,9172773.0,144308,40325,30420.0,63181775,540574.0,9317081.0,53324120,540574.0,53324120,855.5853329540046
2021-11-21,9897448,9202693.0,144369,39793,29920.0,63181775,550386.0,9347062.0,53284327,550386.0,53284327,871.115127740555
2021-11-22,9942671,9234791.0,144414,45223,32098.0,63181775,563466.0,9379205.0,53239104,563466.0,53239104,891.8173001629029
2021-11-23,9985536,9267618.0,144579,42865,32827.0,63181775,573339.0,9412197.0,53196239,573339.0,53196239,907.4436417780286
2021-11-24,10028653,9307082.0,144728,43117,39464.0,63181775,576843.0,9451810.0,53153122,576843.0,53153122,912.9895448489694
2021-11-25,10075820,9350379.0,144876,47167,43297.0,63181775,580565.0,9495255.0,53105955,580565.0,53105955,918.8804841269496
2021-11-26,10125736,9389386.0,145036,49916,39007.0,63181775,591314.0,9534422.0,53056039,591314.0,53056039,935.8933015098104
2021-11-27,10165777,9427248.0,145167,40041,37862.0,63181775,593362.0,9572415.0,53015998,593362.0,53015998,939.1347425741046
2021-11-28,10202537,9463612.0,145218,36760,36364.0,63181775,593707.0,9608830.0,52979238,593707.0,52979238,939.6807861127675
2021-11-29,10245033,9503839.0,145253,42496,40227.0,63181775,595941.0,9649092.0,52936742,595941.0,52936742,943.2166158674713
2021-11-30,10285443,9540814.0,145413,40410,36975.0,63181775,599216.0,9686227.0,52896332,599216.0,52896332,948.4000726475317
2021-12-01,10333452,9578858.0,145586,48009,38044.0,63181775,609008.0,9724444.0,52848323,609008.0,52848323,963.8982127361886
2021-12-02,10386944,9626812.0,145728,53492,47954.0,63181775,614404.0,9772540.0,52794831,614404.0,52794831,972.4386502278545
2021-12-03,10438148,9671456.0,145874,51204,44644.0,63181775,620818.0,9817330.0,52743627,620818.0,52743627,982.5903118422995
2021-12-04,10479966,9711654.0,146001,41818,40198.0,63181775,622311.0,9857655.0,52701809,622311.0,52701809,984.9533350400492
2021-12-05,10523594,9751393.0,146055,43628,39739.0,63181775,626146.0,9897448.0,52658181,626146.0,52658181,991.0231233611274
2021-12-06,10574930,9796571.0,146100,51336,45178.0,63181775,632259.0,9942671.0,52606845,632259.0,52606845,1000.6983817722753
2021-12-07,10620303,9839256.0,146280,45373,42685.0,63181775,634767.0,9985536.0,52561472,634767.0,52561472,1004.6678808881201
2021-12-08,10671356,9882211.0,146442,51053,42955.0,63181775,642703.0,10028653.0,52510419,642703.0,52510419,1017.2284650122602
2021-12-09,10721839,9929230.0,146590,50483,47019.0,63181775,646019.0,10075820.0,52459936,646019.0,52459936,1022.4768139230023
2021-12-10,10780442,9979024.0,146712,58603,49794.0,63181775,654706.0,10125736.0,52401333,654706.0,52401333,1036.2260319530435
2021-12-11,10833032,10018933.0,146844,52590,39909.0,63181775,667255.0,10165777.0,52348743,667255.0,52348743,1056.0877721463191
2021-12-12,10881385,10055641.0,146896,48353,36708.0,63181775,678848.0,10202537.0,52300390,678848.0,52300390,1074.4364177802856
2021-12-13,10935598,10098098.0,146935,54213,42457.0,63181775,690565.0,10245033.0,52246177,690565.0,52246177,1092.9813225411917
2021-12-14,10995158,10138358.0,147085,59560,40260.0,63181775,709715.0,10285443.0,52186617,709715.0,52186617,1123.2906957742166
2021-12-15,11073251,10186203.0,147249,78093,47845.0,63181775,739799.0,10333452.0,52108524,739799.0,52108524,1170.9056923456171
2021-12-16,11161258,10239549.0,147395,88007,53346.0,63181775,774314.0,10386944.0,52020517,774314.0,52020517,1225.5337872353223
2021-12-17,11254194,10290642.0,147506,92936,51093.0,63181775,816046.0,10438148.0,51927581,816046.0,51927581,1291.5844798598964
2021-12-18,11343591,10332334.0,147632,89397,41692.0,63181775,863625.0,10479966.0,51838184,863625.0,51838184,1366.8894234136346
2021-12-19,11425878,10375915.0,147679,82287,43581.0,63181775,902284.0,10523594.0,51755897,902284.0,51755897,1428.0763717068728
2021-12-20,11518027,10427207.0,147723,92149,51292.0,63181775,943097.0,10574930.0,51663748,943097.0,51663748,1492.6725309632407
2021-12-21,11607587,10472408.0,147895,89560,45201.0,63181775,987284.0,10620303.0,51574188,987284.0,51574188,1562.6088377542417
2021-12-22,11713355,10523320.0,148036,105768,50912.0,63181775,1041999.0,10671356.0,51468420,1041999.0,51468420,1649.2081775163804
2021-12-23,11836593,10573653.0,148186,123238,50333.0,63181775,1114754.0,10721839.0,51345182,1114754.0,51345182,1764.3600547784547
2021-12-24,11958451,10632118.0,148324,121858,58465.0,63181775,1178009.0,10780442.0,51223324,1178009.0,51223324,1864.4759505411173
2021-12-25,12080799,10684698.0,148334,122348,52580.0,63181775,1247767.0,10833032.0,51100976,1247767.0,51100976,1974.884371323851
2021-12-26,12200165,10733048.0,148337,119366,48350.0,63181775,1318780.0,10881385.0,50981610,1318780.0,50981610,2087.2791243994016
2021-12-27,12308123,10787118.0,148480,107958,54070.0,63181775,1372525.0,10935598.0,50873652,1372525.0,50873652,2172.3432113137055
2021-12-28,12446467,10846659.0,148499,138344,59541.0,63181775,1451309.0,10995158.0,50735308,1451309.0,50735308,2297.037397255775
2021-12-29,12629503,10924694.0,148557,183036,78035.0,63181775,1556252.0,11073251.0,50552272,1556252.0,50552272,2463.134345307646
2021-12-30,12819883,11012365.0,148893,190380,87671.0,63181775,1658625.0,11161258.0,50361892,1658625.0,50361892,2625.1636646802026
2021-12-31,13010853,11105098.0,149096,190970,92733.0,63181775,1756659.0,11254194.0,50170922,1756659.0,50170922,2780.3254973447642
2022-01-01,13174530,11194340.0,149251,163677,89242.0,63181775,1830939.0,11343591.0,50007245,1830939.0,50007245,2897.891045321218
2022-01-02,13310224,11276554.0,149324,135694,82214.0,63181775,1884346.0,11425878.0,49871551,1884346.0,49871551,2982.420167841122
2022-01-03,13498751,11368660.0,149367,188527,92106.0,63181775,1980724.0,11518027.0,49683024,1980724.0,49683024,3134.960991520102
2022-01-04,13722579,11458170.0,149417,223828,89510.0,63181775,2114992.0,11607587.0,49459196,2114992.0,49459196,3347.471640358315
2022-01-05,13917693,11563595.0,149760,195114,105425.0,63181775,2204338.0,11713355.0,49264082,2204338.0,49264082,3488.8826722579415
2022-01-06,14099839,11686600.0,149993,182146,123005.0,63181775,2263246.0,11836593.0,49081936,2263246.0,49081936,3582.1184194334523
2022-01-07,14280081,11808229.0,150222,180242,121629.0,63181775,2321630.0,11958451.0,48901694,2321630.0,48901694,3674.524813524153
2022-01-08,14422121,11930261.0,150538,142040,122032.0,63181775,2341322.0,12080799.0,48759654,2341322.0,48759654,3705.692029070092
2022-01-09,14564390,12049529.0,150636,142269,119268.0,63181775,2364225.0,12200165.0,48617385,2364225.0,48617385,3741.941406362832
2022-01-10,14708454,12157411.0,150712,144064,107882.0,63181775,2400331.0,12308123.0,48473321,2400331.0,48473321,3799.087632469965
2022-01-11,14825809,12295376.0,151091,117355,137965.0,63181775,2379342.0,12446467.0,48355966,2379342.0,48355966,3765.8676097656326
2022-01-12,14957778,12478009.0,151494,131969,182633.0,63181775,2328275.0,12629503.0,48223997,2328275.0,48223997,3685.042086899268
2022-01-13,15064277,12668052.0,151831,106499,190043.0,63181775,2244394.0,12819883.0,48117498,2244394.0,48117498,3552.2807011990403
2022-01-14,15164861,12858746.0,152107,100584,190694.0,63181775,2154008.0,13010853.0,48016914,2154008.0,48016914,3409.2236250089522
2022-01-15,15246208,13022135.0,152395,81347,163389.0,63181775,2071678.0,13174530.0,47935567,2071678.0,47935567,3278.9170611303657
2022-01-16,15316987,13157740.0,152484,70779,135605.0,63181775,2006763.0,13310224.0,47864788,2006763.0,47864788,3176.1738254425427
2022-01-17,15406943,13346174.0,152577,89956,188434.0,63181775,1908192.0,13498751.0,47774832,1908192.0,47774832,3020.1620641395402
2022-01-19,15609692,13764317.0,153376,108239,194753.0,63181775,1691999.0,13917693.0,47572083,1691999.0,47572083,2677.9858590550834
2022-01-20,15717846,13946129.0,153710,108154,181812.0,63181775,1618007.0,14099839.0,47463929,1618007.0,47463929,2560.876138728296
2022-01-21,15814339,14126082.0,153999,96493,179953.0,63181775,1534258.0,14280081.0,47367436,1534258.0,47367436,2428.323674034166
2022-01-22,15891933,14267825.0,154296,77594,141743.0,63181775,1469812.0,14422121.0,47289842,1469812.0,47289842,2326.3227410119453
2022-01-23,15967194,14410016.0,154374,75261,142191.0,63181775,1402804.0,14564390.0,47214581,1402804.0,47214581,2220.266841189568
2022-01-24,16062685,14554024.0,154430,95491,144008.0,63181775,1354231.0,14708454.0,47119090,1354231.0,47119090,2143.3886591505225
2022-01-25,16157980,14670937.0,154872,95295,116913.0,63181775,1332171.0,14825809.0,47023795,1332171.0,47023795,2108.4735273739934
2022-01-26,16260425,14802560.0,155218,102445,131623.0,63181775,1302647.0,14957778.0,46921350,1302647.0,46921350,2061.7448623436107
2022-01-27,16357612,14908716.0,155561,97187,106156.0,63181775,1293335.0,15064277.0,46824163,1293335.0,46824163,2047.006435004398
2022-01-28,16446952,15009021.0,155840,89340,100305.0,63181775,1282091.0,15164861.0,46734823,1282091.0,46734823,2029.2101638486731
2022-01-29,16519771,15090072.0,156136,72819,81051.0,63181775,1273563.0,15246208.0,46662004,1273563.0,46662004,2015.7126006668852
2022-01-30,16582687,15160765.0,156222,62916,70693.0,63181775,1265700.0,15316987.0,46599088,1265700.0,46599088,2003.2675561900564
2022-01-31,17430856,15250663.0,156280,848169,89898.0,63181775,2023913.0,15406943.0,45750919,2023913.0,45750919,3203.3177288862175
2022-02-01,17543963,15344052.0,157401,113107,93389.0,63181775,2042510.0,15501453.0,45637812,2042510.0,45637812,3232.7518497224873
2022-02-02,17631560,15451756.0,157936,87597,107704.0,63181775,2021868.0,15609692.0,45550215,2021868.0,45550215,3200.0810360266073
2022-02-03,17727264,15559582.0,158264,95704,107826.0,63181775,2009418.0,15717846.0,45454511,2009418.0,45454511,3180.3759865879047
2022-02-04,17809884,15655819.0,158520,82620,96237.0,63181775,1995545.0,15814339.0,45371891,1995545.0,45371891,3158.418705394079
2022-02-05,17870485,15733152.0,158781,60601,77333.0,63181775,1978552.0,15891933.0,45311290,1978552.0,45311290,3131.5232913288683
2022-02-06,17924207,15808338.0,158856,53722,75186.0,63181775,1957013.0,15967194.0,45257568,1957013.0,45257568,3097.432764432465
2022-02-07,17988154,15903782.0,158903,63947,95444.0,63181775,1925469.0,16062685.0,45193621,1925469.0,45193621,3047.506974914839
2022-02-08,18054899,15998762.0,159218,66745,94980.0,63181775,1896919.0,16157980.0,45126876,1896919.0,45126876,3002.31989367187
2022-02-09,18122879,16100924.0,159501,67980,102162.0,63181775,1862454.0,16260425.0,45058896,1862454.0,45058896,2947.7709355268985
2022-02-10,18287353,16197899.0,159713,164474,96975.0,63181775,1929741.0,16357612.0,44894422,1929741.0,44894422,3054.26841838489
2022-02-11,18346213,16287043.0,159909,58860,89144.0,63181775,1899261.0,16446952.0,44835562,1899261.0,44835562,3006.0266587951983
2022-02-12,18392169,16359695.0,160076,45956,72652.0,63181775,1872398.0,16519771.0,44789606,1872398.0,44789606,2963.509651319546
2022-02-13,18433372,16422559.0,160128,41203,62864.0,63181775,1850685.0,16582687.0,44748403,1850685.0,44748403,2929.143728551469
2022-02-15,18521452,17383563.0,160400,46341,112871.0,63181775,977489.0,17543963.0,44660323,977489.0,44660323,1547.1059494609008
2022-02-16,18575733,17470961.0,160599,54281,87398.0,63181775,944173.0,17631560.0,44606042,944173.0,44606042,1494.3755537099107
2022-02-17,18628702,17566479.0,160785,52969,95518.0,63181775,901438.0,17727264.0,44553073,901438.0,44553073,1426.7373779859777
2022-02-18,18676361,17648938.0,160946,47659,82459.0,63181775,866477.0,17809884.0,44505414,866477.0,44505414,1371.4033833332476
2022-02-19,18715582,17709411.0,161074,39221,60473.0,63181775,845097.0,17870485.0,44466193,845097.0,44466193,1337.5645112850978
2022-02-20,18746592,17763059.0,161148,31010,53648.0,63181775,822385.0,17924207.0,44435183,822385.0,44435183,1301.6174363572406
2022-02-21,18785333,17826975.0,161179,38741,63916.0,63181775,797179.0,17988154.0,44396442,797179.0,44396442,1261.7230206020645
2022-02-22,18826968,17893515.0,161384,41635,66540.0,63181775,772069.0,18054899.0,44354807,772069.0,44354807,1221.980547396777
2022-02-23,18867585,17961330.0,161549,40617,67815.0,63181775,744706.0,18122879.0,44314190,744706.0,44314190,1178.672172473787
2022-02-24,18906546,18125678.0,161675,38961,164348.0,63181775,619193.0,18287353.0,44275229,619193.0,44275229,980.0183676384527
2022-02-25,18938546,18184416.0,161797,32000,58738.0,63181775,592333.0,18346213.0,44243229,592333.0,44243229,937.5061083674841
2022-02-26,18938546,18230372.0,161797,0,45956.0,63181775,546377.0,18392169.0,44243229,546377.0,44243229,864.7699435478031
2022-02-27,18938546,18271575.0,161797,0,41203.0,63181775,505174.0,18433372.0,44243229,505174.0,44243229,799.5565176825121
2022-02-28,19021076,18313177.0,161934,82530,41602.0,63181775,545965.0,18475111.0,44160699,545965.0,44160699,864.1178567711971
2022-03-01,19120746,18359249.0,162203,99670,46072.0,63181775,599294.0,18521452.0,44061029,599294.0,44061029,948.5235259693163
2022-03-02,19166049,18413455.0,162278,45303,54206.0,63181775,590316.0,18575733.0,44015726,590316.0,44015726,934.3137320849248
2022-03-03,19211944,18466230.0,162472,45895,52775.0,63181775,583242.0,18628702.0,43969831,583242.0,43969831,923.1174654399944
2022-03-04,19256835,18513779.0,162582,44891,47549.0,63181775,580474.0,18676361.0,43924940,580474.0,43924940,918.7364552515342
2022-03-05,19256835,18553000.0,162582,0,39221.0,63181775,541253.0,18715582.0,43924940,541253.0,43924940,856.6600099474888
2022-03-06,19256835,18584010.0,162582,0,31010.0,63181775,510243.0,18746592.0,43924940,510243.0,43924940,807.5794008636193
2022-03-07,19383743,18622611.0,162722,126908,38601.0,63181775,598410.0,18785333.0,43798032,598410.0,43798032,947.1243883224237
2022-03-08,19446892,18664032.0,162936,63149,41421.0,63181775,619924.0,18826968.0,43734883,619924.0,43734883,981.1753468464601
2022-03-09,19515547,18704526.0,163059,68655,40494.0,63181775,647962.0,18867585.0,43666228,647962.0,43666228,1025.5520678233556
2022-03-10,19600293,18743343.0,163203,84746,38817.0,63181775,693747.0,18906546.0,43581482,693747.0,43581482,1098.0175849760474
2022-03-11,19673347,18775229.0,163317,73054,31886.0,63181775,734801.0,18938546.0,43508428,734801.0,43508428,1162.9951833420319
2022-03-12,19673347,18775229.0,163317,0,0.0,63181775,734801.0,18938546.0,43508428,734801.0,43508428,1162.9951833420319
2022-03-13,19673347,18775229.0,163317,0,0.0,63181775,734801.0,18938546.0,43508428,734801.0,43508428,1162.9951833420319
2022-03-14,19845016,18857622.0,163454,171669,82393.0,63181775,823940.0,19021076.0,43336759,823940.0,43336759,1304.0785891184603
2022-03-15,19965698,18957066.0,163680,120682,99444.0,63181775,844952.0,19120746.0,43216077,844952.0,43216077,1337.3350147253698
2022-03-16,20059641,19002216.0,163833,93943,45150.0,63181775,893592.0,19166049.0,43122134,893592.0,43122134,1414.3192400023584
2022-03-17,20150847,19047972.0,163972,91206,45756.0,63181775,938903.0,19211944.0,43030928,938903.0,43030928,1486.034540814974
2022-03-18,20243940,19092736.0,164099,93093,44764.0,63181775,987105.0,19256835.0,42937835,987105.0,42937835,1562.3255282080947
2022-03-19,20243940,19092736.0,164099,0,0.0,63181775,987105.0,19256835.0,42937835,987105.0,42937835,1562.3255282080947
2022-03-20,20243940,19092736.0,164099,0,0.0,63181775,987105.0,19256835.0,42937835,987105.0,42937835,1562.3255282080947
