Страна,Дата,Заражений,Выздоровлений,Смертей,Заражений за день,Выздоровлений за день,Смертей за день,Население страны,Тестов,Тестов за день
Великобритания,20.07.2020,296940,1413,41090,586,0,10,63181775,8256935,121693
Великобритания,21.07.2020,297385,1414,41115,445,1,25,63181775,8388397,131462
Великобритания,22.07.2020,297948,1416,41132,563,2,17,63181775,8522679,134282
Великобритания,23.07.2020,298727,1425,41141,779,9,9,63181775,8663993,141314
Великобритания,24.07.2020,299495,1425,41173,768,0,32,63181775,8798036,134043
Великобритания,25.07.2020,300265,1427,41188,770,2,15,63181775,8904608,106572
Великобритания,26.07.2020,301016,1434,41196,751,7,8,63181775,8986873,82265
Великобритания,27.07.2020,301704,1437,41199,688,3,3,63181775,9117483,130610
Великобритания,28.07.2020,302254,1438,41220,550,1,21,63181775,9260989,143506
Великобритания,29.07.2020,303058,1438,41254,804,0,34,63181775,9415384,154395
Великобритания,30.07.2020,303906,1438,41254,848,0,0,63181775,9562383,146999
Великобритания,31.07.2020,304789,1439,41274,883,1,20,63181775,9693382,130999
Великобритания,01.08.2020,305558,1441,41287,769,2,13,63181775,9818696,125314
Великобритания,02.08.2020,306305,1444,41292,747,3,5,63181775,9941987,123291
Великобритания,03.08.2020,307244,1445,41293,939,1,1,63181775,10083427,141440
Великобритания,04.08.2020,307915,1445,41311,671,0,18,63181775,10236970,153543
Великобритания,05.08.2020,308823,1446,41325,908,1,14,63181775,10400408,163438
Великобритания,06.08.2020,309786,1447,41343,963,1,18,63181775,10556548,156140
Великобритания,07.08.2020,310687,1447,41355,901,0,12,63181775,10703374,146826
Великобритания,08.08.2020,311453,1449,41358,766,2,3,63181775,10857124,153750
Великобритания,09.08.2020,312566,1451,41363,1113,2,5,63181775,10993551,136427
Великобритания,10.08.2020,313384,1463,41381,818,12,18,63181775,11141214,147663
Великобритания,11.08.2020,314534,1464,41394,1150,1,13,63181775,11310805,169591
Великобритания,12.08.2020,315569,1472,41414,1035,8,20,63181775,11471425,160620
Великобритания,13.08.2020,316719,1479,41432,1150,7,18,63181775,11639184,167759
Великобритания,14.08.2020,318178,1481,41443,1459,2,11,63181775,11814098,174914
Великобритания,15.08.2020,319223,1486,41446,1045,5,3,63181775,11978298,164200
Великобритания,16.08.2020,320336,1486,41451,1113,0,5,63181775,12118924,140626
Великобритания,17.08.2020,321055,1490,41454,719,4,3,63181775,12272157,153233
Великобритания,18.08.2020,322170,1493,41466,1115,3,12,63181775,12446595,174438
Великобритания,19.08.2020,322998,1495,41483,828,2,17,63181775,12618033,171438
Великобритания,20.08.2020,324194,1544,41489,1196,49,6,63181775,12798368,180335
Великобритания,21.08.2020,325255,1544,41491,1061,0,2,63181775,12969753,171385
Великобритания,22.08.2020,326587,1547,41509,1332,3,18,63181775,13126236,156483
Великобритания,23.08.2020,327637,1547,41515,1050,0,6,63181775,13263262,137026
Великобритания,24.08.2020,328612,1550,41519,975,3,4,63181775,13447568,184306
Великобритания,25.08.2020,329809,1551,41535,1197,1,16,63181775,13633416,185848
Великобритания,26.08.2020,330955,1551,41552,1146,0,17,63181775,13823629,190213
Великобритания,27.08.2020,332499,1564,41564,1544,13,12,63181775,13992972,169343
Великобритания,28.08.2020,333796,1615,41573,1297,51,9,63181775,14163546,170574
Великобритания,29.08.2020,334907,1622,41585,1111,7,12,63181775,14330417,166871
Великобритания,30.08.2020,336661,1624,41586,1754,2,1,63181775,14488971,158554
Великобритания,31.08.2020,338076,1682,41589,1415,58,3,63181775,14653196,164225
Великобритания,01.09.2020,339403,1709,41592,1327,27,3,63181775,14835199,182003
Великобритания,02.09.2020,340918,1742,41602,1515,33,10,63181775,15017553,182354
Великобритания,03.09.2020,342698,1750,41616,1780,8,14,63181775,15205285,187732
Великобритания,04.09.2020,344680,1756,41626,1982,6,10,63181775,15371404,166119
Великобритания,05.09.2020,346507,1806,41638,1827,50,12,63181775,15541294,169890
Великобритания,06.09.2020,349499,1824,41640,2992,18,2,63181775,15720561,179267
Великобритания,07.09.2020,352450,1824,41643,2951,0,3,63181775,15934869,214308
Великобритания,08.09.2020,354932,1827,41675,2482,3,32,63181775,16145887,211018
Великобритания,09.09.2020,357611,1833,41683,2679,6,8,63181775,16377083,231196
Великобритания,10.09.2020,360545,1847,41697,2934,14,14,63181775,16655346,278263
Великобритания,11.09.2020,364088,1850,41703,3543,3,6,63181775,16876512,221166
Великобритания,12.09.2020,367593,1882,41712,3505,32,9,63181775,17089685,213173
Великобритания,13.09.2020,370932,2148,41717,3339,266,5,63181775,17297403,207718
Великобритания,14.09.2020,373559,2154,41726,2627,6,9,63181775,17521680,224277
Великобритания,15.09.2020,376669,2186,41753,3110,32,27,63181775,17761017,239337
Великобритания,16.09.2020,380678,2192,41773,4009,6,20,63181775,17995470,234453
Великобритания,17.09.2020,384086,2203,41794,3408,11,21,63181775,18248877,253407
Великобритания,18.09.2020,388417,2215,41821,4331,12,27,63181775,18488762,239885
Великобритания,19.09.2020,392847,2229,41848,4430,14,27,63181775,18708484,219722
Великобритания,20.09.2020,396748,2230,41866,3901,1,18,63181775,18897349,188865
Великобритания,21.09.2020,401121,2230,41877,4373,0,11,63181775,19091955,194606
Великобритания,22.09.2020,406058,2240,41914,4937,10,37,63181775,19325203,233248
Великобритания,23.09.2020,412245,2249,41951,6187,9,37,63181775,19583360,258157
Великобритания,24.09.2020,418890,2284,41991,6645,35,40,63181775,19842919,259559
Великобритания,25.09.2020,425767,2305,42025,6877,21,34,63181775,20077408,234489
Великобритания,26.09.2020,431817,2335,42060,6050,30,35,63181775,20304308,226900
Великобритания,27.09.2020,437522,2341,42077,5705,6,17,63181775,20503188,198880
Великобритания,28.09.2020,441571,2354,42090,4049,13,13,63181775,20727837,224649
Великобритания,29.09.2020,448728,2370,42162,7157,16,72,63181775,20964429,236592
Великобритания,30.09.2020,455847,2375,42233,7119,5,71,63181775,21208723,244294
Великобритания,01.10.2020,462780,2385,42292,6933,10,59,63181775,21458497,249774
Великобритания,02.10.2020,469768,2391,42358,6988,6,66,63181775,21711480,252983
Великобритания,03.10.2020,482652,2398,42407,12884,7,49,63181775,21934950,223470
Великобритания,04.10.2020,505621,2405,42440,22969,7,33,63181775,22167851,232901
Великобритания,05.10.2020,518218,2411,42459,12597,6,19,63181775,22409225,241374
Великобритания,06.10.2020,532770,2419,42535,14552,8,76,63181775,22649175,239950
Великобритания,07.10.2020,546946,2427,42605,14176,8,70,63181775,22938406,289231
Великобритания,08.10.2020,564500,2476,42682,17554,49,77,63181775,23215667,277261
Великобритания,09.10.2020,578392,2490,42769,13892,14,87,63181775,23471856,256189
Великобритания,10.10.2020,593569,2497,42850,15177,7,81,63181775,23709494,237638
Великобритания,11.10.2020,606460,2505,42915,12891,8,65,63181775,23910761,201267
Великобритания,12.10.2020,620443,2513,42965,13983,8,50,63181775,24198274,287513
Великобритания,13.10.2020,637692,2537,43108,17249,24,143,63181775,24477883,279609
Великобритания,14.10.2020,657454,2553,43245,19762,16,137,63181775,24756972,279089
Великобритания,15.10.2020,676452,2563,43383,18998,10,138,63181775,25046375,289403
Великобритания,16.10.2020,692110,2567,43519,15658,4,136,63181775,25323952,277577
Великобритания,17.10.2020,708298,2574,43669,16188,7,150,63181775,25604836,280884
Великобритания,18.10.2020,725292,2591,43736,16994,17,67,63181775,25840772,235936
Великобритания,19.10.2020,744113,2615,43816,18821,24,80,63181775,26101705,260933
Великобритания,20.10.2020,765484,2628,44057,21371,13,241,63181775,26395038,293333
Великобритания,21.10.2020,792189,2638,44248,26705,10,191,63181775,26713182,318144
Великобритания,22.10.2020,813444,2654,44437,21255,16,189,63181775,27025752,312570
Великобритания,23.10.2020,834000,2659,44661,20556,5,224,63181775,27307863,282111
Великобритания,24.10.2020,857042,2678,44835,23042,19,174,63181775,27599089,291226
Великобритания,25.10.2020,876846,2687,44986,19804,9,151,63181775,27823191,224102
Великобритания,26.10.2020,897751,2704,45088,20905,17,102,63181775,28087078,263887
Великобритания,27.10.2020,920655,2721,45455,22904,17,367,63181775,28372862,285784
Великобритания,28.10.2020,945369,2775,45765,24714,54,310,63181775,28692411,319549
Великобритания,29.10.2020,968449,2801,46045,23080,26,280,63181775,28972908,280497
Великобритания,30.10.2020,992867,2813,46319,24418,12,274,63181775,29251503,278595
Великобритания,31.10.2020,1014788,2841,46645,21921,28,326,63181775,29496438,244935
Великобритания,01.11.2020,1038056,2843,46807,23268,2,162,63181775,29698235,201797
Великобритания,02.11.2020,1057029,2852,46943,18973,9,136,63181775,29956161,257926
Великобритания,03.11.2020,1077077,2908,47340,20048,56,397,63181775,30253851,297690
Великобритания,04.11.2020,1102279,2927,47832,25202,19,492,63181775,30581568,327717
Великобритания,05.11.2020,1126445,2933,48210,24166,6,378,63181775,30922960,341392
Великобритания,06.11.2020,1149764,2953,48565,23319,20,355,63181775,31232252,309292
Великобритания,07.11.2020,1174762,2967,48978,24998,14,413,63181775,31498444,266192
Великобритания,08.11.2020,1195358,2985,49134,20596,18,156,63181775,31727673,229229
Великобритания,09.11.2020,1216733,3000,49329,21375,15,195,63181775,32012867,285194
Великобритания,10.11.2020,1237166,3010,49861,20433,10,532,63181775,32369723,356856
Великобритания,11.11.2020,1260167,3020,50457,23001,10,596,63181775,32732837,363114
Великобритания,12.11.2020,1293684,3033,51020,33517,13,563,63181775,33097161,364324
Великобритания,13.11.2020,1321014,3091,51396,27330,58,376,63181775,33427941,330780
Великобритания,14.11.2020,1347907,3110,51858,26893,19,462,63181775,33690560,262619
Великобритания,15.11.2020,1372897,3123,52026,24990,13,168,63181775,33926403,235843
Великобритания,16.11.2020,1394284,3137,52240,21387,14,214,63181775,34198902,272499
Великобритания,17.11.2020,1414355,3150,52839,20071,13,599,63181775,34546200,347298
Великобритания,18.11.2020,1433987,3209,53368,19632,59,529,63181775,34911871,365671
Великобритания,19.11.2020,1456919,3245,53870,22932,36,502,63181775,35266443,354572
Великобритания,20.11.2020,1477203,3263,54381,20284,18,511,63181775,35596662,330219
Великобритания,21.11.2020,1497125,3313,54721,19922,50,340,63181775,35833575,236913
Великобритания,22.11.2020,1515805,3325,55120,18680,12,399,63181775,36020801,187226
Великобритания,23.11.2020,1531278,3336,55327,15473,11,207,63181775,36312681,291880
Великобритания,24.11.2020,1542599,3408,55935,11321,72,608,63181775,36637685,325004
Великобритания,25.11.2020,1560846,3448,56630,18247,40,695,63181775,36991227,353542
Великобритания,26.11.2020,1578410,3457,57128,17564,9,498,63181775,37296835,305608
Великобритания,27.11.2020,1593194,3465,57648,14784,8,520,63181775,37580987,284152
Великобритания,28.11.2020,1609110,3503,58127,15916,38,479,63181775,37776957,195970
Великобритания,29.11.2020,1621304,3517,58342,12194,14,215,63181775,37992317,215360
Великобритания,30.11.2020,1633679,3573,58545,12375,56,203,63181775,38291324,299007
Великобритания,01.12.2020,1647165,3592,59148,13486,19,603,63181775,38620842,329518
Великобритания,02.12.2020,1663373,3605,59796,16208,13,648,63181775,38988488,367646
Великобритания,03.12.2020,1678298,3626,60210,14925,21,414,63181775,39347870,359382
Великобритания,04.12.2020,1694679,3640,60714,16381,14,504,63181775,39683164,335294
Великобритания,05.12.2020,1710295,3653,61111,15616,13,397,63181775,39940121,256957
Великобритания,06.12.2020,1727639,3739,61342,17344,86,231,63181775,40147865,207744
Великобритания,07.12.2020,1742405,3750,61531,14766,11,189,63181775,40430090,282225
Великобритания,08.12.2020,1754821,3768,62130,12416,18,599,63181775,40796587,366497
Великобритания,09.12.2020,1771444,3781,62663,16623,13,533,63181775,41175346,378759
Великобритания,10.12.2020,1792522,3790,63179,21078,9,516,63181775,41547250,371904
Великобритания,11.12.2020,1814281,3802,63603,21759,12,424,63181775,41886631,339381
Великобритания,12.12.2020,1835826,3808,64123,21545,6,520,63181775,42184444,297813
Великобритания,13.12.2020,1854353,4016,64267,18527,208,144,63181775,42450008,265564
Великобритания,14.12.2020,1874725,4051,64500,20372,35,233,63181775,42749606,299598
Великобритания,15.12.2020,1893323,4096,65006,18598,45,506,63181775,43098689,349083
Великобритания,16.12.2020,1918585,4109,65618,25262,13,612,63181775,43485398,386709
Великобритания,17.12.2020,1954080,4126,66150,35495,17,532,63181775,43859003,373605
Великобритания,18.12.2020,1982748,4267,66639,28668,141,489,63181775,44288738,429735
Великобритания,19.12.2020,2009960,4357,67174,27212,90,535,63181775,44694845,406107
Великобритания,20.12.2020,2046066,4378,67503,36106,21,329,63181775,45108223,413378
Великобритания,21.12.2020,2079512,4389,67718,33446,11,215,63181775,45549878,441655
Великобритания,22.12.2020,2116521,4412,68409,37009,23,691,63181775,46041968,492090
Великобритания,23.12.2020,2155880,4726,69155,39359,314,746,63181775,46505520,463552
Великобритания,24.12.2020,2195066,4824,69730,39186,98,575,63181775,46844759,339239
Великобритания,25.12.2020,2227935,4825,70301,32869,1,571,63181775,47115181,270422
Великобритания,26.12.2020,2262772,4913,70513,34837,88,212,63181775,47536654,421473
Великобритания,27.12.2020,2295208,5096,70860,32436,183,347,63181775,47888590,351936
Великобритания,28.12.2020,2336655,5105,71217,41447,9,357,63181775,48213561,324971
Великобритания,29.12.2020,2389942,5297,71675,53287,192,458,63181775,48617279,403718
Великобритания,30.12.2020,2440180,5417,72656,50238,120,981,63181775,49119121,501842
Великобритания,31.12.2020,2496187,5482,73621,56007,65,965,63181775,49524038,404917
Великобритания,01.01.2021,2549671,5682,74235,53484,200,614,63181775,49935198,411160
Великобритания,02.01.2021,2607548,5747,74682,57877,65,447,63181775,50353059,417861
Великобритания,03.01.2021,2662664,6097,75137,55116,350,455,63181775,50816394,463335
Великобритания,04.01.2021,2721583,6263,75544,58919,166,407,63181775,51306837,490443
Великобритания,05.01.2021,2782676,6386,76421,61093,123,877,63181775,51860112,553275
Великобритания,06.01.2021,2845230,6452,77466,62554,66,1045,63181775,52464572,604460
Великобритания,07.01.2021,2898028,6524,78632,52798,72,1166,63181775,53117150,652578
Великобритания,08.01.2021,2966224,6702,79961,68196,178,1329,63181775,53647366,530216
Великобритания,09.01.2021,3026299,6855,80999,60075,153,1038,63181775,54091932,444566
Великобритания,10.01.2021,3081319,7013,81567,55020,158,568,63181775,54622886,530954
Великобритания,11.01.2021,3127617,7153,82096,46298,140,529,63181775,55178773,555887
Великобритания,12.01.2021,3173273,7352,83340,45656,199,1244,63181775,55792418,613645
Великобритания,13.01.2021,3220936,7434,84909,47663,82,1569,63181775,56463465,671047
Великобритания,14.01.2021,3269737,7584,86162,48801,150,1253,63181775,57047894,584429
Великобритания,15.01.2021,3325623,7695,87448,55886,111,1286,63181775,57527262,479368
Великобритания,16.01.2021,3367060,7866,88747,41437,171,1299,63181775,57930368,403106
Великобритания,17.01.2021,3405734,8046,89429,38674,180,682,63181775,58494208,563840
Великобритания,18.01.2021,3443344,8250,90031,37610,204,602,63181775,59073182,578974
Великобритания,19.01.2021,3476787,8367,91643,33443,117,1612,63181775,59715854,642672
Великобритания,20.01.2021,3515776,8496,93469,38989,129,1826,63181775,60374890,659036
Великобритания,21.01.2021,3553757,8585,94765,37981,89,1296,63181775,61002414,627524
Великобритания,22.01.2021,3594084,8682,96166,40327,97,1401,63181775,61474612,472198
Великобритания,23.01.2021,3627726,8830,97517,33642,148,1351,63181775,61875591,400979
Великобритания,24.01.2021,3657825,8950,98129,30099,120,612,63181775,62425464,549873
Великобритания,25.01.2021,3680056,9040,98723,22231,90,594,63181775,63030150,604686
Великобритания,26.01.2021,3700254,9164,100359,20198,124,1636,63181775,63797052,766902
Великобритания,27.01.2021,3725610,9250,102085,25356,86,1726,63181775,64557108,760056
Великобритания,28.01.2021,3754419,9353,103324,28809,103,1239,63181775,65221101,663993
Великобритания,29.01.2021,3783592,9408,104573,29173,55,1249,63181775,65650073,428972
Великобритания,30.01.2021,3806947,9584,105776,23355,176,1203,63181775,66236657,586584
Великобритания,31.01.2021,3828131,9656,106367,21184,72,591,63181775,66895518,658861
Великобритания,01.02.2021,3846807,9739,106774,18676,83,407,63181775,67512059,616541
Великобритания,02.02.2021,3863721,9822,108224,16914,83,1450,63181775,68310620,798561
Великобритания,03.02.2021,3882972,9940,109546,19251,118,1322,63181775,69106220,795600
Великобритания,04.02.2021,3903704,10015,110462,20732,75,916,63181775,69781446,675226
Великобритания,05.02.2021,3922893,10098,111477,19189,83,1015,63181775,70230201,448755
Великобритания,06.02.2021,3941250,10186,112305,18357,88,828,63181775,70821231,591030
Великобритания,07.02.2021,3957167,10274,112681,15917,88,376,63181775,71459528,638297
Великобритания,08.02.2021,3971294,10327,113014,14127,53,333,63181775,72032550,573022
Великобритания,09.02.2021,3983736,10431,114066,12442,104,1052,63181775,72793234,760684
Великобритания,10.02.2021,3996819,10499,115068,13083,68,1002,63181775,73534789,741555
Великобритания,11.02.2021,4010365,10602,115748,13546,103,680,63181775,74150770,615981
Великобритания,12.02.2021,4025556,10659,116507,15191,57,759,63181775,74532172,381402
Великобритания,13.02.2021,4038916,10854,117128,13360,195,621,63181775,74913694,381522
Великобритания,14.02.2021,4049910,10918,117388,10994,64,260,63181775,75368429,454735
Великобритания,15.02.2021,4059691,10963,117621,9781,45,233,63181775,75859277,490848
Великобритания,16.02.2021,4070329,11026,118420,10638,63,799,63181775,76421457,562180
Великобритания,17.02.2021,4083089,11103,119159,12760,77,739,63181775,76972421,550964
Великобритания,18.02.2021,4095185,11164,119614,12096,61,455,63181775,77486562,514141
Великобритания,19.02.2021,4107281,11254,120147,12096,90,533,63181775,77880468,393906
Великобритания,20.02.2021,4117737,11297,120593,10456,43,446,63181775,78457219,576751
Великобритания,21.02.2021,4127575,11315,120810,9838,18,217,63181775,79146207,688988
Великобритания,22.02.2021,4138231,11346,120988,10656,31,178,63181775,79753477,607270
Великобритания,23.02.2021,4146758,11457,121536,8527,111,548,63181775,80492020,738543
Великобритания,24.02.2021,4156704,11474,121978,9946,17,442,63181775,81248322,756302
Великобритания,25.02.2021,4166724,11504,122302,10020,30,324,63181775,81862431,614109
Великобритания,26.02.2021,4175311,11579,122648,8587,75,346,63181775,82242024,379593
Великобритания,27.02.2021,4182769,11602,122939,7458,23,291,63181775,82772650,530626
Великобритания,28.02.2021,4188823,11643,123083,6054,41,144,63181775,83528165,755515
Великобритания,01.03.2021,4194287,11646,123187,5464,3,104,63181775,84245038,716873
Великобритания,02.03.2021,4200697,11662,123530,6410,16,343,63181775,85118082,873044
Великобритания,03.03.2021,4207117,11741,124017,6420,79,487,63181775,86145825,1027743
Великобритания,04.03.2021,4213760,11795,124259,6643,54,242,63181775,87141867,996042
Великобритания,05.03.2021,4219786,11834,124495,6026,39,236,63181775,87611459,469592
Великобритания,06.03.2021,4225904,11849,124654,6118,15,159,63181775,88423319,811860
Великобритания,07.03.2021,4231165,11851,124736,5261,2,82,63181775,90022751,1599432
Великобритания,08.03.2021,4235987,11853,124801,4822,2,65,63181775,91499022,1476271
Великобритания,09.03.2021,4241855,11868,125032,5868,15,231,63181775,93146732,1647710
Великобритания,10.03.2021,4247877,11923,125222,6022,55,190,63181775,94865610,1718878
Великобритания,11.03.2021,4254712,11944,125403,6835,21,181,63181775,96373254,1507644
Великобритания,12.03.2021,4261396,11947,125579,6684,3,176,63181775,96830946,457692
Великобритания,13.03.2021,4267013,11949,125701,5617,2,122,63181775,97808387,977441
Великобритания,14.03.2021,4271708,11972,125753,4695,23,52,63181775,99474253,1665866
Великобритания,15.03.2021,4276838,11997,125817,5130,25,64,63181775,100882884,1408631
Великобритания,16.03.2021,4282200,12013,125927,5362,16,110,63181775,102589233,1706349
Великобритания,17.03.2021,4287993,12053,126068,5793,40,141,63181775,104137331,1548098
Великобритания,18.03.2021,4294326,12086,126163,6333,33,95,63181775,105131749,994418
Великобритания,19.03.2021,4299198,12130,126263,4872,44,100,63181775,105610092,478343
Великобритания,20.03.2021,4304837,12167,126359,5639,37,96,63181775,107502897,1892805
Великобритания,21.03.2021,4310193,12176,126393,5356,9,34,63181775,108808905,1306008
Великобритания,22.03.2021,4315600,12225,126411,5407,49,18,63181775,109699541,890636
Великобритания,23.03.2021,4321016,12383,126523,5416,158,112,63181775,111534883,1835342
Великобритания,24.03.2021,4326643,12397,126621,5627,14,98,63181775,112951392,1416509
Великобритания,25.03.2021,4332920,12563,126684,6277,166,63,63181775,113685857,734465
Великобритания,26.03.2021,4339155,12567,126755,6235,4,71,63181775,114166595,480738
Великобритания,27.03.2021,4343064,12712,126813,3909,145,58,63181775,115815102,1648507
Великобритания,28.03.2021,4347011,12774,126834,3947,62,21,63181775,116820690,1005588
Великобритания,29.03.2021,4351795,12868,126857,4784,94,23,63181775,117537042,716352
Великобритания,30.03.2021,4355864,12930,126912,4069,62,55,63181775,118838201,1301159
Великобритания,31.03.2021,4359979,13073,126955,4115,143,43,63181775,119902668,1064467
Великобритания,01.04.2021,4364544,13089,127006,4565,16,51,63181775,120508919,606251
Великобритания,02.04.2021,4367967,13190,127058,3423,101,52,63181775,120936397,427478
Великобритания,03.04.2021,4371391,13222,127068,3424,32,10,63181775,121768862,832465
Великобритания,04.04.2021,4373796,13254,127078,2405,32,10,63181775,122640535,871673
Великобритания,05.04.2021,4376627,13296,127106,2831,42,28,63181775,123341488,700953
Великобритания,06.04.2021,4379031,13345,127126,2404,49,20,63181775,124409528,1068040
Великобритания,07.04.2021,4381828,13391,127171,2797,46,45,63181775,125443584,1034056
Великобритания,08.04.2021,4384952,13435,127224,3124,44,53,63181775,126181213,737629
Великобритания,09.04.2021,4380165,13467,127284,-4787,32,60,63181775,126687722,506509
Великобритания,10.04.2021,4382878,13494,127324,2713,27,40,63181775,127930917,1243195
Великобритания,11.04.2021,4384608,13494,127331,1730,0,7,63181775,128941552,1010635
Великобритания,12.04.2021,4388294,13608,127346,3686,114,15,63181775,129685363,743811
Великобритания,13.04.2021,4390798,13660,127369,2504,52,23,63181775,130879908,1194545
Великобритания,14.04.2021,4393328,13675,127407,2530,15,38,63181775,131982673,1102765
Великобритания,15.04.2021,4396095,13854,127438,2767,179,31,63181775,132733412,750739
Великобритания,16.04.2021,4398902,13937,127472,2807,83,34,63181775,133250595,517183
Великобритания,17.04.2021,4401175,13983,127508,2273,46,36,63181775,134963237,1712642
Великобритания,18.04.2021,4403059,13987,127518,1884,4,10,63181775,136167109,1203872
Великобритания,19.04.2021,4406113,14040,127524,3054,53,6,63181775,136973335,806226
Великобритания,20.04.2021,4408644,14054,127557,2531,14,33,63181775,138378791,1405456
Великобритания,21.04.2021,4411066,14104,127577,2422,50,20,63181775,139611494,1232703
Великобритания,22.04.2021,4413832,14195,127597,2766,91,20,63181775,140394402,782908
Великобритания,23.04.2021,4416530,14281,127638,2698,86,41,63181775,140907219,512817
Великобритания,24.04.2021,4418652,14388,127670,2122,107,32,63181775,142399451,1492232
Великобритания,25.04.2021,4420385,14452,127681,1733,64,11,63181775,143591368,1191917
Великобритания,26.04.2021,4422504,14552,127688,2119,100,7,63181775,144381545,790177
Великобритания,27.04.2021,4425202,14567,127705,2698,15,17,63181775,145771211,1389666
Великобритания,28.04.2021,4427389,14620,127734,2187,53,29,63181775,146975655,1204444
Великобритания,29.04.2021,4429848,14658,127759,2459,38,25,63181775,147704767,729112
Великобритания,30.04.2021,4432245,14683,127775,2397,25,16,63181775,148207751,502984
Великобритания,01.05.2021,4434156,14684,127782,1911,1,7,63181775,149057978,850227
Великобритания,02.05.2021,4435830,14684,127796,1674,0,14,63181775,150257693,1199715
Великобритания,03.05.2021,4437504,14684,127797,1674,0,1,63181775,151238277,980584
Великобритания,04.05.2021,4439487,14839,127803,1983,155,6,63181775,152496520,1258243
Великобритания,05.05.2021,4441642,14897,127830,2155,58,27,63181775,153698048,1201528
Великобритания,06.05.2021,4444260,14961,127843,2618,64,13,63181775,154443605,745557
Великобритания,07.05.2021,4446750,14961,127858,2490,0,15,63181775,154955772,512167
Великобритания,08.05.2021,4448806,15011,127863,2056,50,5,63181775,156297625,1341853
Великобритания,09.05.2021,4450577,15011,127865,1771,0,2,63181775,157407381,1109756
Великобритания,10.05.2021,4452954,15088,127870,2377,77,5,63181775,0,0
Великобритания,11.05.2021,4455444,15147,127890,2490,59,20,63181775,0,0
Великобритания,12.05.2021,4457741,15158,127901,2297,11,11,63181775,158029663,158029663
Великобритания,13.05.2021,4460404,15201,127912,2663,43,11,63181775,158772068,742405
Великобритания,14.05.2021,4462602,15214,127930,2198,13,18,63181775,159249818,477750
Великобритания,15.05.2021,4464662,15254,127937,2060,40,7,63181775,160361392,1111574
Великобритания,16.05.2021,4466589,15258,127941,1927,4,4,63181775,161568774,1207382
Великобритания,17.05.2021,4468580,15292,127946,1991,34,5,63181775,162362251,793477
Великобритания,18.05.2021,4466218,15319,127953,-2362,27,7,63181775,163575962,1213711
Великобритания,19.05.2021,4468364,15340,127956,2146,21,3,63181775,164701672,1125710
Великобритания,20.05.2021,4471063,15407,127963,2699,67,7,63181775,165473311,771639
Великобритания,21.05.2021,4473772,15427,127972,2709,20,9,63181775,165991620,518309
Великобритания,22.05.2021,4476296,15427,127978,2524,0,6,63181775,167181386,1189766
Великобритания,23.05.2021,4478391,15427,127983,2095,0,5,63181775,168264421,1083035
Великобритания,24.05.2021,4480757,15445,127986,2366,18,3,63181775,169063877,799456
Великобритания,25.05.2021,4483175,15453,128001,2418,8,15,63181775,170225464,1161587
Великобритания,26.05.2021,4486166,15477,128010,2991,24,9,63181775,171294247,1068783
Великобритания,27.05.2021,4489550,15480,128020,3384,3,10,63181775,172011743,717496
Великобритания,28.05.2021,4493580,15480,128030,4030,0,10,63181775,172507811,496068
Великобритания,29.05.2021,4496821,15481,128037,3241,1,7,63181775,173137878,630067
Великобритания,30.05.2021,4499935,15486,128043,3114,5,6,63181775,173803766,665888
Великобритания,31.05.2021,4503229,15507,128045,3294,21,2,63181775,174526631,722865
Великобритания,01.06.2021,4506331,15508,128045,3102,1,0,63181775,175412255,885624
Великобритания,02.06.2021,4510595,15514,128057,4264,6,12,63181775,176294761,882506
Великобритания,03.06.2021,4515776,15517,128075,5181,3,18,63181775,176998624,703863
Великобритания,04.06.2021,4521920,15524,128086,6144,7,11,63181775,177499813,501189
Великобритания,05.06.2021,4527575,15528,128099,5655,4,13,63181775,178760680,1260867
Великобритания,06.06.2021,4532801,15532,128103,5226,4,4,63181775,179803086,1042406
Великобритания,07.06.2021,4538391,15538,128104,5590,6,1,63181775,180584459,781373
Великобритания,08.06.2021,4544370,15539,128118,5979,1,14,63181775,181692246,1107787
Великобритания,09.06.2021,4551689,15540,128124,7319,1,6,63181775,182759547,1067301
Великобритания,10.06.2021,4558927,15543,128131,7238,3,7,63181775,183563415,803868
Великобритания,11.06.2021,4566895,15543,128148,7968,0,17,63181775,184114808,551393
Великобритания,12.06.2021,4574453,15544,128160,7558,1,12,63181775,185186240,1071432
Великобритания,13.06.2021,4581778,15551,128168,7325,7,8,63181775,186242233,1055993
Великобритания,14.06.2021,4589397,15562,128171,7619,11,3,63181775,187078763,836530
Великобритания,15.06.2021,4596992,15562,128181,7595,0,10,63181775,188218328,1139565
Великобритания,16.06.2021,4605811,15563,128190,8819,1,9,63181775,189384086,1165758
Великобритания,17.06.2021,4616623,15601,128209,10812,38,19,63181775,190220810,836724
Великобритания,18.06.2021,4626912,15607,128220,10289,6,11,63181775,190823274,602464
Великобритания,19.06.2021,4636990,15609,128234,10078,2,14,63181775,191991492,1168218
Великобритания,20.06.2021,4646067,15610,128240,9077,1,6,63181775,193139150,1147658
Великобритания,21.06.2021,4656542,15612,128245,10475,2,5,63181775,194019403,880253
Великобритания,22.06.2021,4668030,15616,128272,11488,4,27,63181775,195215664,1196261
Великобритания,23.06.2021,4683984,15705,128291,15954,89,19,63181775,196399233,1183569
Великобритания,24.06.2021,4700708,15712,128312,16724,7,21,63181775,197298481,899248
Великобритания,25.06.2021,4716039,15718,128330,15331,6,18,63181775,197939909,641428
Великобритания,26.06.2021,4734015,15718,128353,17976,0,23,63181775,199180688,1240779
Великобритания,27.06.2021,4748673,15722,128364,14658,4,11,63181775,200395635,1214947
Великобритания,28.06.2021,4771347,15729,128367,22674,7,3,63181775,201338596,942961
Великобритания,29.06.2021,4791597,15734,128390,20250,5,23,63181775,202623705,1285109
Великобритания,30.06.2021,4817245,15736,128404,25648,2,14,63181775,203858884,1235179
Великобритания,01.07.2021,4844879,15753,128426,27634,17,22,63181775,204784417,925533
Великобритания,02.07.2021,4871745,15755,128453,26866,2,27,63181775,205463209,678792
Великобритания,03.07.2021,4896279,15762,128471,24534,7,18,63181775,206760134,1296925
Великобритания,04.07.2021,4920252,15774,128486,23973,12,15,63181775,208006387,1246253
Великобритания,05.07.2021,4947404,15777,128495,27152,3,9,63181775,209033540,1027153
Великобритания,06.07.2021,4975843,15867,128532,28439,90,37,63181775,210302542,1269002
Великобритания,07.07.2021,5007979,15870,128565,32136,3,33,63181775,211517226,1214684
Великобритания,08.07.2021,5040082,15888,128601,32103,18,36,63181775,212476042,958816
Великобритания,09.07.2021,5075805,15888,128631,35723,0,30,63181775,213237960,761918
Великобритания,10.07.2021,5107813,15892,128665,32008,4,34,63181775,214378895,1140935
Великобритания,11.07.2021,5139355,15903,128691,31542,11,26,63181775,215547668,1168773
Великобритания,12.07.2021,5173845,15991,128697,34490,88,6,63181775,216544314,996646
Великобритания,13.07.2021,5210245,16007,128747,36400,16,50,63181775,217792610,1248296
Великобритания,14.07.2021,5252448,16127,128797,42203,120,50,63181775,219090689,1298079
Великобритания,15.07.2021,5301013,16133,128864,48565,6,67,63181775,220114899,1024210
Великобритания,16.07.2021,5353033,16220,128913,52020,87,49,63181775,220923395,808496
Великобритания,17.07.2021,5407420,16429,128960,54387,209,47,63181775,221998645,1075250
Великобритания,18.07.2021,5455699,16430,128988,48279,1,28,63181775,223231067,1232422
Великобритания,19.07.2021,5495707,16487,129007,40008,57,19,63181775,224167349,936282
Великобритания,20.07.2021,5542334,16686,129109,46627,199,102,63181775,225238766,1071417
Великобритания,21.07.2021,5586503,17033,129182,44169,347,73,63181775,226359508,1120742
Великобритания,22.07.2021,5626513,17290,129266,40010,257,84,63181775,227307543,948035
Великобритания,23.07.2021,5662651,17450,129330,36138,160,64,63181775,228091130,783587
Великобритания,24.07.2021,5694455,18216,129418,31804,766,88,63181775,228906478,815348
Великобритания,25.07.2021,5723536,18226,129446,29081,10,28,63181775,229777409,870931
Великобритания,26.07.2021,5748230,18546,129460,24694,320,14,63181775,230614667,837258
Великобритания,27.07.2021,5771599,18908,129591,23369,362,131,63181775,231553909,939242
Великобритания,28.07.2021,5797332,19724,129718,25733,816,127,63181775,232481027,927118
Великобритания,29.07.2021,5828224,20638,129809,30892,914,91,63181775,233350349,869322
Великобритания,30.07.2021,5857556,20919,129877,29332,281,68,63181775,234046273,695924
Великобритания,31.07.2021,5883411,20928,129948,25855,9,71,63181775,234735789,689516
Великобритания,01.08.2021,5907641,21083,130013,24230,155,65,63181775,235509089,773300
Великобритания,02.08.2021,5930003,22633,130038,22362,1550,25,63181775,236291803,782714
Великобритания,03.08.2021,5951686,24369,130177,21683,1736,139,63181775,237163286,871483
Великобритания,04.08.2021,5980830,24693,130298,29144,324,121,63181775,238032432,869146
Великобритания,05.08.2021,6010860,,130388,30030,,90,63181775,238855296,822864
Великобритания,06.08.2021,6042493,,130481,31633,,93,63181775,239532985,677689
Великобритания,07.08.2021,6070872,,130585,28379,,104,63181775,240238517,705532
Великобритания,08.08.2021,6098140,,130630,27268,,45,63181775,241006064,767547
Великобритания,09.08.2021,6123155,,130667,25015,,37,63181775,241784810,778746
Великобритания,10.08.2021,6146599,,130813,23444,,146,63181775,242647633,862823
Великобритания,11.08.2021,6175995,,130921,29396,,108,63181775,243521882,874249
Великобритания,12.08.2021,6208867,,131015,32872,,94,63181775,244381799,859917
Великобритания,13.08.2021,6241384,,131115,32517,,100,63181775,245025081,643282
Великобритания,14.08.2021,6270663,,131210,29279,,95,63181775,245686184,661103
Великобритания,15.08.2021,6297179,,131269,26516,,59,63181775,246424884,738700
Великобритания,16.08.2021,6325482,,131296,28303,,27,63181775,247180947,756063
Великобритания,17.08.2021,6352222,,131466,26740,,170,63181775,248028384,847437
Великобритания,18.08.2021,6386034,,131577,33812,,111,63181775,248908372,879988
Великобритания,19.08.2021,6422475,,131690,36441,,113,63181775,249691952,783580
Великобритания,20.08.2021,6459589,,131805,37114,,115,63181775,250348515,656563
Великобритания,21.08.2021,6491525,,131909,31936,,104,63181775,251043321,694806
Великобритания,22.08.2021,6523594,,131958,32069,,49,63181775,251815317,771996
Великобритания,23.08.2021,6555372,,131999,31778,,41,63181775,252593069,777752
Великобритания,24.08.2021,6586148,,132173,30776,,174,63181775,253543691,950622
Великобритания,25.08.2021,6621763,,132323,35615,,150,63181775,254562076,1018385
Великобритания,26.08.2021,6659880,,132464,38117,,141,63181775,255486399,924323
Великобритания,27.08.2021,6697720,,132565,37840,,101,63181775,256230358,743959
Великобритания,28.08.2021,6729909,,132699,32189,,134,63181775,256952555,722197
Великобритания,29.08.2021,6762927,,132760,33018,,61,63181775,257654818,702263
Великобритания,30.08.2021,6789249,,132808,26322,,48,63181775,258618276,963458
Великобритания,31.08.2021,6821318,,132859,32069,,51,63181775,259699976,1081700
Великобритания,01.09.2021,6856890,,133066,35572,,207,63181775,260980838,1280862
Великобритания,02.09.2021,6894873,,133244,37983,,178,63181775,262263343,1282505
Великобритания,03.09.2021,6937223,,133365,42350,,121,63181775,263071301,807958
Великобритания,04.09.2021,6973996,,133485,36773,,120,63181775,264157261,1085960
Великобритания,05.09.2021,7010583,,133553,36587,,68,63181775,265629121,1471860
Великобритания,06.09.2021,7051461,,133598,40878,,45,63181775,266930683,1301562
Великобритания,07.09.2021,7089002,,133808,37541,,210,63181775,268328360,1397677
Великобритания,08.09.2021,7127601,,134000,38599,,192,63181775,269729116,1400756
Великобритания,09.09.2021,7165161,,134167,37560,,167,63181775,270936760,1207644
Великобритания,10.09.2021,7202170,,134314,37009,,147,63181775,271740805,804045
Великобритания,11.09.2021,7231113,,134470,28943,,156,63181775,272854384,1113579
Великобритания,12.09.2021,7259792,,134526,28679,,56,63181775,274034177,1179793
Великобритания,13.09.2021,7290143,,134587,30351,,61,63181775,275011198,977021
Великобритания,14.09.2021,7316895,,134774,26752,,187,63181775,276142418,1131220
Великобритания,15.09.2021,7346829,,134975,29934,,201,63181775,277319025,1176607
Великобритания,16.09.2021,7373422,,135134,26593,,159,63181775,278286510,967485
Великобритания,17.09.2021,7405974,,135315,32552,,181,63181775,279011643,725133
Великобритания,18.09.2021,7435493,,135479,29519,,164,63181775,280164347,1152704
Великобритания,19.09.2021,7464810,,135541,29317,,62,63181775,281304659,1140312
Великобритания,20.09.2021,7500714,,135591,35904,,50,63181775,282251711,947052
Великобритания,21.09.2021,7531888,,135795,31174,,204,63181775,283255679,1003968
Великобритания,22.09.2021,7565724,,135963,33836,,168,63181775,284519230,1263551
Великобритания,23.09.2021,7601565,,136158,35841,,195,63181775,285464143,944913
Великобритания,24.09.2021,7637276,,136338,35711,,180,63181775,286265452,801309
Великобритания,25.09.2021,7667289,,136467,30013,,129,63181775,287406185,1140733
Великобритания,26.09.2021,7700384,,136531,33095,,64,63181775,288501454,1095269
Великобритания,27.09.2021,7737963,,136571,37579,,40,63181775,289428529,927075
Великобритания,28.09.2021,7772759,,136748,34796,,177,63181775,290584944,1156415
Великобритания,29.09.2021,7808025,,136908,35266,,160,63181775,291738878,1153934
Великобритания,30.09.2021,7843855,,137045,35830,,137,63181775,292677293,938415
Великобритания,01.10.2021,7878555,,137173,34700,,128,63181775,293385072,707779
Великобритания,02.10.2021,7908101,,137297,29546,,124,63181775,294425076,1040004
Великобритания,03.10.2021,7937835,,137340,29734,,43,63181775,295460831,1035755
Великобритания,04.10.2021,7972302,,137380,34467,,40,63181775,296373944,913113
Великобритания,05.10.2021,8005486,,137546,33184,,166,63181775,297481713,1107769
Великобритания,06.10.2021,8044408,,137694,38922,,148,63181775,298542973,1061260
Великобритания,07.10.2021,8084296,,137818,39888,,124,63181775,299504796,961823
Великобритания,08.10.2021,8119411,,137944,35115,,126,63181775,300231285,726489
Великобритания,09.10.2021,8158942,,138101,39531,,157,63181775,301233132,1001847
Великобритания,10.10.2021,8192634,,138139,33692,,38,63181775,302260065,1026933
Великобритания,11.10.2021,8232283,,138167,39649,,28,63181775,303190256,930191
Великобритания,12.10.2021,8270131,,138351,37848,,184,63181775,304081420,891164
Великобритания,13.10.2021,8311801,,138487,41670,,136,63181775,305370908,1289488
Великобритания,14.10.2021,8356546,,138647,44745,,160,63181775,306320887,949979
Великобритания,15.10.2021,8400946,,138792,44400,,145,63181775,307083443,762556
Великобритания,16.10.2021,8443898,,138940,42952,,148,63181775,308099382,1015939
Великобритания,17.10.2021,8488755,,138997,44857,,57,63181775,309094889,995507
Великобритания,18.10.2021,8537615,,139042,48860,,45,63181775,310029346,934457
Великобритания,19.10.2021,8581209,,139265,43594,,223,63181775,311162952,1133606
Великобритания,20.10.2021,8630019,,139444,48810,,179,63181775,312265566,1102614
Великобритания,21.10.2021,8681729,,139562,51710,,118,63181775,313211491,945925
Великобритания,22.10.2021,8730733,,139743,49004,,181,63181775,313939452,727961
Великобритания,23.10.2021,8775894,,139878,45161,,135,63181775,314745542,806090
Великобритания,24.10.2021,8814789,,139950,38895,,72,63181775,315640544,895002
Великобритания,25.10.2021,8851040,,139990,36251,,40,63181775,316481156,840612
Великобритания,26.10.2021,8894807,,140253,43767,,263,63181775,317404116,922960
Великобритания,27.10.2021,8938909,,140462,44102,,209,63181775,318341309,937193
Великобритания,28.10.2021,8978370,,140628,39461,,166,63181775,319202308,860999
Великобритания,29.10.2021,9021626,,140815,43256,,187,63181775,319892307,689999
Великобритания,30.10.2021,9062715,,140981,41089,,166,63181775,320865070,972763
Великобритания,31.10.2021,9100533,,141055,37818,,74,63181775,321844752,979682
Великобритания,01.11.2021,9140352,,141098,39819,,43,63181775,322750330,905578
Великобритания,02.11.2021,9174089,,141390,33737,,292,63181775,323777703,1027373
Великобритания,03.11.2021,9215691,,141607,41602,,217,63181775,324768246,990543
Великобритания,04.11.2021,9252557,,141826,36866,,219,63181775,325630711,862465
Великобритания,05.11.2021,9286511,,142019,33954,,193,63181775,326296946,666235
Великобритания,06.11.2021,9317081,,142174,30570,,155,63181775,327190642,893696
Великобритания,07.11.2021,9347062,,142236,29981,,62,63181775,328182444,991802
Великобритания,08.11.2021,9379205,,142293,32143,,57,63181775,329072372,889928
Великобритания,09.11.2021,9412197,,142556,32992,,263,63181775,330123644,1051272
Великобритания,10.11.2021,9451810,,142772,39613,,216,63181775,331175188,1051544
Великобритания,11.11.2021,9495255,,142971,43445,,199,63181775,332037841,862653
Великобритания,12.11.2021,9534422,,143116,39167,,145,63181775,332721324,683483
Великобритания,13.11.2021,9572415,,143274,37993,,158,63181775,333653687,932363
Великобритания,14.11.2021,9608830,,143337,36415,,63,63181775,334638682,984995
Великобритания,15.11.2021,9649092,,143384,40262,,47,63181775,335485667,846985
Великобритания,16.11.2021,9686227,,143598,37135,,214,63181775,336706531,1220864
Великобритания,17.11.2021,9724444,,143799,38217,,201,63181775,337750924,1044393
Великобритания,18.11.2021,9772540,,143999,48096,,200,63181775,338649832,898908
Великобритания,19.11.2021,9817330,,144158,44790,,159,63181775,339387019,737187
Великобритания,20.11.2021,9857655,,144308,40325,,150,63181775,340471952,1084933
Великобритания,21.11.2021,9897448,,144369,39793,,61,63181775,341519981,1048029
Великобритания,22.11.2021,9942671,,144414,45223,,45,63181775,342501308,981327
Великобритания,23.11.2021,9985536,,144579,42865,,165,63181775,343621396,1120088
Великобритания,24.11.2021,10028653,,144728,43117,,149,63181775,344746924,1125528
Великобритания,25.11.2021,10075820,,144876,47167,,148,63181775,345661297,914373
Великобритания,26.11.2021,10125736,,145036,49916,,160,63181775,346401311,740014
Великобритания,27.11.2021,10165777,,145167,40041,,131,63181775,347427740,1026429
Великобритания,28.11.2021,10202537,,145218,36760,,51,63181775,348508744,1081004
Великобритания,29.11.2021,10245033,,145253,42496,,35,63181775,349560778,1052034
Великобритания,30.11.2021,10285443,,145413,40410,,160,63181775,350791983,1231205
Великобритания,01.12.2021,10333452,,145586,48009,,173,63181775,352017352,1225369
Великобритания,02.12.2021,10386944,,145728,53492,,142,63181775,353104500,1087148
Великобритания,03.12.2021,10438148,,145874,51204,,146,63181775,353987054,882554
Великобритания,04.12.2021,10479966,,146001,41818,,127,63181775,355151430,1164376
Великобритания,05.12.2021,10523594,,146055,43628,,54,63181775,356329016,1177586
Великобритания,06.12.2021,10574930,,146100,51336,,45,63181775,357427429,1098413
Великобритания,07.12.2021,10620303,,146280,45373,,180,63181775,358748707,1321278
Великобритания,08.12.2021,10671356,,146442,51053,,162,63181775,360155384,1406677
Великобритания,09.12.2021,10721839,,146590,50483,,148,63181775,361393236,1237852
Великобритания,10.12.2021,10780442,,146712,58603,,122,63181775,362433946,1040710
Великобритания,11.12.2021,10833032,,146844,52590,,132,63181775,363676453,1242507
Великобритания,12.12.2021,10881385,,146896,48353,,52,63181775,365060369,1383916
Великобритания,13.12.2021,10935598,,146935,54213,,39,63181775,366431650,1371281
Великобритания,14.12.2021,10995158,,147085,59560,,150,63181775,368134442,1702792
Великобритания,15.12.2021,11073251,,147249,78093,,164,63181775,369831817,1697375
Великобритания,16.12.2021,11161258,,147395,88007,,146,63181775,371470709,1638892
Великобритания,17.12.2021,11254194,,147506,92936,,111,63181775,372925299,1454590
Великобритания,18.12.2021,11343591,,147632,89397,,126,63181775,374475845,1550546
Великобритания,19.12.2021,11425878,,147679,82287,,47,63181775,376027535,1551690
Великобритания,20.12.2021,11518027,,147723,92149,,44,63181775,377573404,1545869
Великобритания,21.12.2021,11607587,,147895,89560,,172,63181775,379296036,1722632
Великобритания,22.12.2021,11713355,,148036,105768,,141,63181775,381036233,1740197
Великобритания,23.12.2021,11836593,,148186,123238,,150,63181775,382709578,1673345
Великобритания,24.12.2021,11958451,,148324,121858,,138,63181775,383938726,1229148
Великобритания,25.12.2021,12080799,,148334,122348,,10,63181775,385293109,1354383
Великобритания,26.12.2021,12200165,,148337,119366,,3,63181775,386644022,1350913
Великобритания,27.12.2021,12308123,,148480,107958,,143,63181775,388180722,1536700
Великобритания,28.12.2021,12446467,,148499,138344,,19,63181775,389748958,1568236
Великобритания,29.12.2021,12629503,,148557,183036,,58,63181775,391362809,1613851
Великобритания,30.12.2021,12819883,,148893,190380,,336,63181775,393096602,1733793
Великобритания,31.12.2021,13010853,,149096,190970,,203,63181775,394182597,1085995
Великобритания,01.01.2022,13174530,,149251,163677,,155,63181775,395719903,1537306
Великобритания,02.01.2022,13310224,,149324,135694,,73,63181775,397495262,1775359
Великобритания,03.01.2022,13498751,,149367,188527,,43,63181775,399640742,2145480
Великобритания,04.01.2022,13722579,,149417,223828,,50,63181775,401840970,2200228
Великобритания,05.01.2022,13917693,,149760,195114,,343,63181775,403924257,2083287
Великобритания,06.01.2022,14099839,,149993,182146,,233,63181775,405702566,1778309
Великобритания,07.01.2022,14280081,,150222,180242,,229,63181775,407089827,1387261
Великобритания,08.01.2022,14422121,,150538,142040,,316,63181775,408788898,1699071
Великобритания,09.01.2022,14564390,,150636,142269,,98,63181775,410535049,1746151
Великобритания,10.01.2022,14708454,,150712,144064,,76,63181775,412048064,1513015
Великобритания,11.01.2022,14825809,,151091,117355,,379,63181775,413695396,1647332
Великобритания,12.01.2022,14957778,,151494,131969,,403,63181775,415219435,1524039
Великобритания,13.01.2022,15064277,,151831,106499,,337,63181775,416530340,1310905
Великобритания,14.01.2022,15164861,,152107,100584,,276,63181775,417643541,1113201
Великобритания,15.01.2022,15246208,,152395,81347,,288,63181775,418972852,1329311
Великобритания,16.01.2022,15316987,,152484,70779,,89,63181775,420441738,1468886
Великобритания,17.01.2022,15406943,,152577,89956,,93,63181775,421830884,1389146
Великобритания,18.01.2022,15501453,,153015,94510,,438,63181775,423426729,1595845
Великобритания,19.01.2022,15609692,,153376,108239,,361,63181775,424893153,1466424
Великобритания,20.01.2022,15717846,,153710,108154,,334,63181775,426174660,1281507
Великобритания,21.01.2022,15814339,,153999,96493,,289,63181775,427256161,1081501
Великобритания,22.01.2022,15891933,,154296,77594,,297,63181775,428535107,1278946
Великобритания,23.01.2022,15967194,,154374,75261,,78,63181775,429972989,1437882
Великобритания,24.01.2022,16062685,,154430,95491,,56,63181775,431317684,1344695
Великобритания,25.01.2022,16157980,,154872,95295,,442,63181775,432822845,1505161
Великобритания,26.01.2022,16260425,,155218,102445,,346,63181775,434202494,1379649
Великобритания,27.01.2022,16357612,,155561,97187,,343,63181775,435422150,1219656
Великобритания,28.01.2022,16446952,,155840,89340,,279,63181775,436398533,976383
Великобритания,29.01.2022,16519771,,156136,72819,,296,63181775,437621007,1222474
Великобритания,30.01.2022,16582687,,156222,62916,,86,63181775,438962517,1341510
Великобритания,31.01.2022,17430856,,156280,848169,,58,63181775,440215276,1252759
Великобритания,01.02.2022,17543963,,157401,113107,,1121,63181775,441603933,1388657
Великобритания,02.02.2022,17631560,,157936,87597,,535,63181775,442934078,1330145
Великобритания,03.02.2022,17727264,,158264,95704,,328,63181775,444048566,1114488
Великобритания,04.02.2022,17809884,,158520,82620,,256,63181775,444934661,886095
Великобритания,05.02.2022,17870485,,158781,60601,,261,63181775,445981721,1047060
Великобритания,06.02.2022,17924207,,158856,53722,,75,63181775,447192998,1211277
Великобритания,07.02.2022,17988154,,158903,63947,,47,63181775,448323075,1130077
Великобритания,08.02.2022,18054899,,159218,66745,,315,63181775,449535868,1212793
Великобритания,09.02.2022,18122879,,159501,67980,,283,63181775,450649495,1113627
Великобритания,10.02.2022,18287353,,159713,164474,,212,63181775,451606764,957269
Великобритания,11.02.2022,18346213,,159909,58860,,196,63181775,452353148,746384
Великобритания,12.02.2022,18392169,,160076,45956,,167,63181775,453162199,809051
Великобритания,13.02.2022,18433372,,160128,41203,,52,63181775,454108719,946520
Великобритания,14.02.2022,18475111,,160164,41739,,36,63181775,455041498,932779
Великобритания,15.02.2022,18521452,,160400,46341,,236,63181775,456039894,998396
Великобритания,16.02.2022,18575733,,160599,54281,,199,63181775,456991067,951173
Великобритания,17.02.2022,18628702,,160785,52969,,186,63181775,457714214,723147
Великобритания,18.02.2022,18676361,,160946,47659,,161,63181775,458313563,599349
Великобритания,19.02.2022,18715582,,161074,39221,,128,63181775,459040234,726671
Великобритания,20.02.2022,18746592,,161148,31010,,74,63181775,459904982,864748
Великобритания,21.02.2022,18785333,,161179,38741,,31,63181775,460667616,762634
Великобритания,22.02.2022,18826968,,161384,41635,,205,63181775,461442734,775118
Великобритания,23.02.2022,18867585,,161549,40617,,165,63181775,462207375,764641
Великобритания,24.02.2022,18906546,,161675,38961,,126,63181775,462839786,632411
Великобритания,25.02.2022,18938546,,161797,32000,,122,63181775,463318271,478485
Великобритания,26.02.2022,18938546,,161797,0,,0,63181775,463838062,519791
Великобритания,27.02.2022,18938546,,161797,0,,0,63181775,464570655,732593
Великобритания,28.02.2022,19021076,,161934,82530,,137,63181775,465243695,673040
Великобритания,01.03.2022,19120746,,162203,99670,,269,63181775,465963524,719829
Великобритания,02.03.2022,19166049,,162278,45303,,75,63181775,466739693,776169
Великобритания,03.03.2022,19211944,,162472,45895,,194,63181775,467376382,636689
Великобритания,04.03.2022,19256835,,162582,44891,,110,63181775,467854938,478556
Великобритания,05.03.2022,19256835,,162582,0,,0,63181775,468407190,552252
Великобритания,06.03.2022,19256835,,162582,0,,0,63181775,469158022,750832
Великобритания,07.03.2022,19383743,,162722,126908,,140,63181775,469893218,735196
Великобритания,08.03.2022,19446892,,162936,63149,,214,63181775,470662848,769630
Великобритания,09.03.2022,19515547,,163059,68655,,123,63181775,471435886,773038
Великобритания,10.03.2022,19600293,,163203,84746,,144,63181775,472138379,702493
Великобритания,11.03.2022,19673347,,163317,73054,,114,63181775,472676188,537809
Великобритания,12.03.2022,19673347,,163317,0,,0,63181775,473241668,565480
Великобритания,13.03.2022,19673347,,163317,0,,0,63181775,474114335,872667
Великобритания,14.03.2022,19845016,,163454,171669,,137,63181775,474937566,823231
Великобритания,15.03.2022,19965698,,163680,120682,,226,63181775,475778344,840778
Великобритания,16.03.2022,20059641,,163833,93943,,153,63181775,476632060,853716
Великобритания,17.03.2022,20150847,,163972,91206,,139,63181775,477378853,746793
Великобритания,18.03.2022,20243940,,164099,93093,,127,63181775,477950504,571651
Великобритания,19.03.2022,20243940,,164099,0,,0,63181775,478578610,628106
Великобритания,20.03.2022,20243940,,164099,0,,0,63181775,0,0
